E03_id;E06_id_001;id;creatorType;creatorID;creator;E06_title;title;holder_IRI;library;contentType;refCode;representationType;language;publishingPlace_id;publishingPlace;publisherID;publisherType;publisher;publishingDate
E03_105138280099;E06_105138280099_001;105138280099;;;;Instantiation - Bürgerspital Zug : alter Chirurgietrakt;Bürgerspital Zug : alter Chirurgietrakt;https://www.wikidata.org/wiki/Q856475;Bibliothek Zug;Benutzung vor Ort;ATBq 369;Buch;Deutsch;Q14274;Aarau ;http://example.org/base/Krankenhausinstitut;CorporateBody;Krankenhausinstitut;1980
E03_103048954099;E06_103048954099_001;103048954099;;;;Instantiation - Chönd Sie sich erinnere? : ehemalige Angestellte der Metallwarenfabrik Zug erzählen von ihrer Arbeit (1920 - 1975) (Benutzung vor Ort, 4. OG (digitalisierte Filmdatei));Chönd Sie sich erinnere? : ehemalige Angestellte der Metallwarenfabrik Zug erzählen von ihrer Arbeit (1920 - 1975) (Benutzung vor Ort, 4. OG (digitalisierte Filmdatei));https://www.wikidata.org/wiki/Q856475;Bibliothek Zug;T-Video;TV 123;Sonstiges Material;Schweizerdeutsch;Q64087;Baar ;http://example.org/base/VAM;CorporateBody;VAM;1998
E03_464914000000;E06_464914343628_001;464914000000;Person;http://example.org/base/Baselgia, Guido;Baselgia, Guido;Instantiation - Metalli Areal : Fotografien;Metalli Areal : Fotografien;https://www.wikidata.org/wiki/Q856475;Bibliothek Zug;Benutzung vor Ort;PTq 55.1997;Artikel;Deutsch;Q64087;Baar ;http://example.org/base/Baselgia;CorporateBody;Baselgia;1991
E03_108224520099;E06_108224520099_001;108224520099;Person;https://www.wikidata.org/wiki/Q2145516;Strehle, Res;Instantiation - Operation Crypto : die Schweiz im Dienst von CIA und BND;Operation Crypto : die Schweiz im Dienst von CIA und BND;https://www.wikidata.org/wiki/Q856475;Bibliothek Zug;Buch;T 9776;Buch;Deutsch;Q78;Basel ;https://www.wikidata.org/wiki/Q1281210;CorporateBody;Echtzeit Verlag;2020
E03_ZUG00100000466;E06_ZUG00100000466_001;ZUG00100000466;Person;http://example.org/base/Pfister, Martin;Pfister, Martin;Instantiation - Die Wahl von Philipp Etter in den Bundesrat 1934 : Ereignisse, Ideologien, soziales Umfeld;Die Wahl von Philipp Etter in den Bundesrat 1934 : Ereignisse, Ideologien, soziales Umfeld;https://www.wikidata.org/wiki/Q856475;Bibliothek Zug;Benutzung vor Ort;ATBq 4290;Buch;Deutsch;Q2833;Freiburg/Waldkirch ;http://example.org/base/Martin Pfister;CorporateBody;Martin Pfister;1995
E03_107008493099;E06_107008493099_001;107008493099;Person;https://www.wikidata.org/wiki/Q532343;Etter, Philipp;Instantiation - Zug;Zug;https://www.wikidata.org/wiki/Q856475;Bibliothek Zug;Buch;Tq 3195;Buch;Deutsch;Q71;Genf ;http://example.org/base/Editions Générales;CorporateBody;Editions Générales;1961
E03_105026943099;E06_105026943099_001;105026943099;Person;https://www.wikidata.org/wiki/Q532343;Etter, Philipp;Instantiation - Geistige Landesverteidigung;Geistige Landesverteidigung;https://www.wikidata.org/wiki/Q856475;Bibliothek Zug;Benutzung vor Ort;ATB 2534 ;Buch;Deutsch;Q484512;Immensee ;http://example.org/base/Calendaria;CorporateBody;Calendaria;1937
E03_108003103099;E06_108003103099_001;108003103099;Person;http://example.org/base/Pfeiffer, Michel;Pfeiffer, Michel;Instantiation - Der Bildbestand der Stadt- und Kantonsbibliothek Zug;Der Bildbestand der Stadt- und Kantonsbibliothek Zug;https://www.wikidata.org/wiki/Q856475;Bibliothek Zug;Buch;T 9686;Buch;Deutsch;Q1027;Mauritius ;http://example.org/base/AV Akademikerverlag;CorporateBody;AV Akademikerverlag;2017
E03_100616101099;E06_100616101099_001;100616101099;Person;https://www.wikidata.org/wiki/Q532343;Etter, Philipp;Instantiation - Die schweizerische Demokratie;Die schweizerische Demokratie;https://www.wikidata.org/wiki/Q856475;Bibliothek Zug;Broschüre;TB 1167;Buch;Deutsch;Q68129;Olten ;https://www.wikidata.org/wiki/Q1638467;CorporateBody;Walter;1934
E03_105022268099;E06_105022268099_001;105022268099;;;;Instantiation - Zug in alten Ansichten 2003;Zug in alten Ansichten 2003;https://www.wikidata.org/wiki/Q856475;Bibliothek Zug;Benutzung vor Ort;ATBf 40;Buch;Deutsch;Q68129;Olten ;https://www.wikidata.org/wiki/Q883522;CorporateBody;Weltbild;2002
E03_106255861099;E06_106255861099_001;106255861099;Person;http://example.org/base/Steiner, Hermann;Steiner, Hermann;Instantiation - Der Kanton Zug und seine Fotografen, 1850-2000 : auch ein Stück Kulturgeschichte;Der Kanton Zug und seine Fotografen, 1850-2000 : auch ein Stück Kulturgeschichte;https://www.wikidata.org/wiki/Q856475;Bibliothek Zug;Buch;Tq 7078;Buch;Deutsch;Q66604;Rotkreuz ;http://example.org/base/Zürcher;CorporateBody;Zürcher;2000
E03_105140566099;E06_105140566099_001;105140566099;Person;http://example.org/base/Stocklin, Tony;Stocklin, Tony;Instantiation - Alte Aufnahmen im Kanton Zug;Alte Aufnahmen im Kanton Zug;https://www.wikidata.org/wiki/Q856475;Bibliothek Zug;Benutzung vor Ort;AT 9513;Buch;Deutsch;Q66697;Steinhausen ;http://example.org/base/Stocklin;Person;Stocklin;2017
E03_107977797099;E06_107977797099_001;107977797099;Person;http://example.org/base/Stocklin, Tony;Stocklin, Tony;Instantiation - Alte Aufnahmen im Kanton Zug;Alte Aufnahmen im Kanton Zug;https://www.wikidata.org/wiki/Q856475;Bibliothek Zug;Buch;T 9513;Buch;Deutsch;Q66697;Steinhausen ;http://example.org/base/Stocklin;Person;Stocklin;2017
E03_105034867099;E06_105034867099_001;105034867099;;;;"Instantiation - Wohnhäuser in Zug, das kantonale Verwaltungsgebäude in Zug, das Sanatorium ""Adelheid"" bei Unter-Aegeri (Kt. Zug), Raumausstattungen";"Wohnhäuser in Zug, das kantonale Verwaltungsgebäude in Zug, das Sanatorium ""Adelheid"" bei Unter-Aegeri (Kt. Zug), Raumausstattungen";https://www.wikidata.org/wiki/Q856475;Bibliothek Zug;Benutzung vor Ort;ATBq 2506;Buch;Deutsch;Q1022;Stuttgart ;http://example.org/base/Hoffmann;CorporateBody;Hoffmann;1915
E03_400187400099;E06_400187400099_001;400187400099;Person;http://example.org/base/Steiner, Hermann;Steiner, Hermann;Instantiation - Zugs erste Fotografin : Jungfer Katharina Weiss (1834-1911);Zugs erste Fotografin : Jungfer Katharina Weiss (1834-1911);https://www.wikidata.org/wiki/Q14848231;Staatsarchiv Zug;Benutzung vor Ort;B 8/147;Buch;Deutsch;;;;;;2002
E03_242840000000;E06_242839713099_001;242840000000;Person;http://example.org/base/Schürpf, Markus;Schürpf, Markus;Instantiation - Zug im Bild : Streifzug durch 150 Jahre Zuger Fotografiegeschichte;Zug im Bild : Streifzug durch 150 Jahre Zuger Fotografiegeschichte;https://www.wikidata.org/wiki/Q856475;Bibliothek Zug;Benutzung vor Ort;PTq 297.2012;Artikel;Deutsch;;;;;;2012
E03_440783000000;E06_440783133835_001;440783000000;Person;http://example.org/base/Thalmann, Eugen;Thalmann, Eugen;Instantiation - Vom Baarer Schlittschuhclub zum EVZ : Zuger Markenzeichen mit Baarer Wurzeln;Vom Baarer Schlittschuhclub zum EVZ : Zuger Markenzeichen mit Baarer Wurzeln;https://www.wikidata.org/wiki/Q856475;Bibliothek Zug;Benutzung vor Ort;PT 204.2001;Artikel;Deutsch;;;;;;2002
E03_100862737099;E06_100862737099_001;100862737099;;;;Instantiation - Vom Kornhaus über die Kaserne zur neuen Bibliothek : geglückter Umbau in der Stadt Zug;Vom Kornhaus über die Kaserne zur neuen Bibliothek : geglückter Umbau in der Stadt Zug;https://www.wikidata.org/wiki/Q856475;Bibliothek Zug;Broschüre;TBq 826;Buch;Deutsch;;;;;;1987
E03_105130916099;E06_105130916099_001;105130916099;Person;https://hls-dhs-dss.ch/de/articles/042168/2014-11-26/;Keiser, Dagobert;Instantiation - Das Neustadt-Schulhaus in Zug;Das Neustadt-Schulhaus in Zug;https://www.wikidata.org/wiki/Q856475;Bibliothek Zug;Benutzung vor Ort;ATBq 3956;Buch;Deutsch;;;;;;1911
E03_105143554099;E06_105143554099_001;105143554099;Person;https://www.wikidata.org/wiki/Q28168561;Hegglin, Walther A.;Instantiation - Das neue Theater-Casino in Zug;Das neue Theater-Casino in Zug;https://www.wikidata.org/wiki/Q856475;Bibliothek Zug;Benutzung vor Ort;ATBq 607;Buch;Deutsch;;;;;;1982
E03_105144410099;E06_105144410099_001;105144410099;Person;https://www.wikidata.org/wiki/Q532343;Etter, Philipp;"Instantiation - ""Wir spüren die Grösse der Stunde : (die 1.-August-Ansprache von Bundesrat Philipp Etter 1942 wurde zum Appell an den Durchhaltewillen der Schweizer)";"""Wir spüren die Grösse der Stunde : (die 1.-August-Ansprache von Bundesrat Philipp Etter 1942 wurde zum Appell an den Durchhaltewillen der Schweizer)";https://www.wikidata.org/wiki/Q856475;Bibliothek Zug;Benutzung vor Ort;ATBf 78;Buch;Deutsch;;;;;;1992
E03_400091745099;E06_400091745099_001;400091745099;Person;http://example.org/base/Zobrist, Margrith;Zobrist, Margrith;"Instantiation - ""Einige stich und exemplaria"" : Abbildungen in den ältesten Zuger Drucken";"""Einige stich und exemplaria"" : Abbildungen in den ältesten Zuger Drucken";https://www.wikidata.org/wiki/Q14848231;Staatsarchiv Zug;Benutzung vor Ort;B 15/29;Artikel;Deutsch;;;;;;2013
E03_400140478099;E06_400140478099_001;400140478099;Person;http://example.org/base/Dändliker, Paul;Dändliker, Paul;Instantiation - Aus der Baugeschichte unserer Schulhäuser : I. Marktgasse;Aus der Baugeschichte unserer Schulhäuser : I. Marktgasse;https://www.wikidata.org/wiki/Q14848231;Staatsarchiv Zug;Benutzung vor Ort;B 9/5;Buch;Deutsch;;;;;;1956
E03_400149512099;E06_400149512099_001;400149512099;Person;https://www.wikidata.org/wiki/Q532343;Etter, Philipp;Instantiation - 1531-1931 : Die Schlacht am Gubel und ihre Bedeutung für die kath. Schweiz : Gedenkblätter auf die Vierhundertjahr-Feier der Schlacht am 23. Oktober 1531;1531-1931 : Die Schlacht am Gubel und ihre Bedeutung für die kath. Schweiz : Gedenkblätter auf die Vierhundertjahr-Feier der Schlacht am 23. Oktober 1531;https://www.wikidata.org/wiki/Q14848231;Staatsarchiv Zug;Benutzung vor Ort;B 10/11;Buch;Deutsch;;;;;;1931
E03_400154716099;E06_400154716099_001;400154716099;Person;http://example.org/base/Speck, Michael;Speck, Michael;Instantiation - Seegfrörni im Jahre 1684;Seegfrörni im Jahre 1684;https://www.wikidata.org/wiki/Q14848231;Staatsarchiv Zug;Benutzung vor Ort;B 10/35;Buch;Deutsch;;;;;;1955
E03_400175249099;E06_400175249099_001;400175249099;;;;Instantiation - Kurzberichte: Baar, General-Andermatt-Haus, Schwesternhaus, Schulhaus Marktgasse und Rathus-Schüür : Umgebungsgestaltung;Kurzberichte: Baar, General-Andermatt-Haus, Schwesternhaus, Schulhaus Marktgasse und Rathus-Schüür : Umgebungsgestaltung;https://www.wikidata.org/wiki/Q14848231;Staatsarchiv Zug;Benutzung vor Ort;B 15/24;Buch;Deutsch;;;;;;2008
E03_400186276099;E06_400186276099_001;400186276099;;;;Instantiation - Seegfrörni in alter Zeit [1880];Seegfrörni in alter Zeit [1880];https://www.wikidata.org/wiki/Q14848231;Staatsarchiv Zug;Benutzung vor Ort;B 8/125;Buch;Deutsch;;;;;;1980
E03_400195241099;E06_400195241099_001;400195241099;Person;http://example.org/base/Brunner, Josef;Brunner, Josef;Instantiation - Die 150-Jahrfeier der Theater- und Musikgesellschaft;Die 150-Jahrfeier der Theater- und Musikgesellschaft;https://www.wikidata.org/wiki/Q14848231;Staatsarchiv Zug;Benutzung vor Ort;B 11/79;Buch;Deutsch;;;;;;1960
E03_400197472099;E06_400197472099_001;400197472099;Person;http://example.org/base/Grünenfelder, Josef;Grünenfelder, Josef;Instantiation - Der Bau des Theater-Casino in Zug 1905-1909 [mit Lebenslauf von Architekt Dagobert Keiser 1879-1959];Der Bau des Theater-Casino in Zug 1905-1909 [mit Lebenslauf von Architekt Dagobert Keiser 1879-1959];https://www.wikidata.org/wiki/Q14848231;Staatsarchiv Zug;Benutzung vor Ort;B 11/100;Buch;Deutsch;;;;;;1981
E03_400197584099;E06_400197584099_001;400197584099;Person;http://example.org/base/Kamm-Kyburz, Christine;Kamm-Kyburz, Christine;Instantiation - Das neue Theater-Casino als ein Beispiel zeitgenössischer Architektur;Das neue Theater-Casino als ein Beispiel zeitgenössischer Architektur;https://www.wikidata.org/wiki/Q14848231;Staatsarchiv Zug;Benutzung vor Ort;B 11/101;Buch;Deutsch;;;;;;1982
E03_ZUG00100000937;E06_ZUG00100000937_001;ZUG00100000937;Person;https://www.wikidata.org/wiki/Q95232803;Zaugg, Thomas;Instantiation - Der Privatnachlass von Bundesrat Philipp Etter (1891-1977) : Bestandesgeschichte, Inhaltsbeschreibung, Forschungsperspektiven;Der Privatnachlass von Bundesrat Philipp Etter (1891-1977) : Bestandesgeschichte, Inhaltsbeschreibung, Forschungsperspektiven;https://www.wikidata.org/wiki/Q856475;Bibliothek Zug;Benutzung vor Ort;PTq 297.2018;Artikel;Deutsch;;;;;;2018
E03_14942370452;E06_14942370452_001;14942370452;Person;http://example.org/base/Staub, Ignaz;Staub, Ignaz;Instantiation - Zugs erste Photographistin : Katharina Weiss, 1834-1911;Zugs erste Photographistin : Katharina Weiss, 1834-1911;https://www.wikidata.org/wiki/Q856475;Bibliothek Zug;Benutzung vor Ort;PTq 55.1995;Artikel;Deutsch;;;;;;1995
E03_203195000000;E06_203195096873_001;203195000000;Person;http://example.org/base/Schenkel, Ronald;Schenkel, Ronald;Instantiation - Mehr als nur Arbeitsplätze : soziale Verantwortung von Zuger Unternehmen;Mehr als nur Arbeitsplätze : soziale Verantwortung von Zuger Unternehmen;https://www.wikidata.org/wiki/Q856475;Bibliothek Zug;Benutzung vor Ort;PTq 55.2009;Artikel;Deutsch;;;;;;2009
E03_275691000000;E06_275690979704_001;275691000000;Person;http://example.org/base/Eichenberger, Walter;Eichenberger, Walter;Instantiation - Von Zuger Kochapparaten - ein Stück Designgeschichte;Von Zuger Kochapparaten - ein Stück Designgeschichte;https://www.wikidata.org/wiki/Q856475;Bibliothek Zug;Benutzung vor Ort;PTq 55.1997;Artikel;Deutsch;;;;;;1997
E03_305802000000;E06_305802056982_001;305802000000;Person;http://example.org/base/Kühn, Hansruedi;Kühn, Hansruedi;Instantiation - Baubeginn an der Höhenklinik Adelheid (Unterägeri);Baubeginn an der Höhenklinik Adelheid (Unterägeri);https://www.wikidata.org/wiki/Q856475;Bibliothek Zug;Benutzung vor Ort;PTq 55.1996;Artikel;Deutsch;;;;;;1996
E03_568210000000;E06_568209517139_001;568210000000;Person;http://example.org/base/Lämmler, Mercedes;Lämmler, Mercedes;Instantiation - Im Zeitraffer: 200 Jahre Zuger Kulturgeschichte;Im Zeitraffer: 200 Jahre Zuger Kulturgeschichte;https://www.wikidata.org/wiki/Q856475;Bibliothek Zug;Benutzung vor Ort;PTq 55.2019;Artikel;Deutsch;;;;;;2018
E03_907839000000;E06_907838769936_001;907839000000;Person;http://example.org/base/Bossard, Carl;Bossard, Carl;Instantiation - Zug im Zug der Zeit : (Zivilisationsdynamik mit der Industrialisierung nach 1830);Zug im Zug der Zeit : (Zivilisationsdynamik mit der Industrialisierung nach 1830);https://www.wikidata.org/wiki/Q856475;Bibliothek Zug;Benutzung vor Ort;PTq 55.2018;Artikel;Deutsch;;;;;;2018
E03_93300272416;E06_93300272416_001;93300272416;Person;http://example.org/base/Nussbaumer, Reto;Nussbaumer, Reto;Instantiation - Vom Bauen und Zurückbauen : das alte Sanatorium Adelheid;Vom Bauen und Zurückbauen : das alte Sanatorium Adelheid;https://www.wikidata.org/wiki/Q856475;Bibliothek Zug;Benutzung vor Ort;PTq 55.2001;Artikel;Deutsch;;;;;;2001
E03_105145417099;E06_105145417099_001;105145417099;;;;Instantiation - 75 Jahre Sanatorium Adelheid : (Festschrift);75 Jahre Sanatorium Adelheid : (Festschrift);https://www.wikidata.org/wiki/Q856475;Bibliothek Zug;Benutzung vor Ort;ATBq 744;Buch;Deutsch;Q65658;Unterägeri ;http://example.org/base/Sanatorium Adelheid;CorporateBody;Sanatorium Adelheid;1987
E03_105009942099;E06_105009942099_001;105009942099;Person;http://example.org/base/Nussbaumer, Reto;Nussbaumer, Reto;Instantiation - Dagobert Keiser und Richard Bracher : Architekten in Zug, 1906-1937;Dagobert Keiser und Richard Bracher : Architekten in Zug, 1906-1937;https://www.wikidata.org/wiki/Q856475;Bibliothek Zug;Benutzung vor Ort;ATq 6996;Buch;Deutsch;Q68144;Zug;http://example.org/base/Nussbaumer;Person;Nussbaumer;1998
E03_100337354099;E06_100337354099_001;100337000000;;;;Instantiation - Neujahrsblatt der Theater- und Musik-Gesellschaft Zug : zur Erinnerung an deren 50jähriges Jubiläum seit Eröffnung des Stadttheaters im Jahre 1843;Neujahrsblatt der Theater- und Musik-Gesellschaft Zug : zur Erinnerung an deren 50jähriges Jubiläum seit Eröffnung des Stadttheaters im Jahre 1843;https://www.wikidata.org/wiki/Q856475;Bibliothek Zug;Benutzung vor Ort;ATq 6692;Buch;Deutsch;Q68144;Zug ;http://example.org/base/Rey & Kalt;CorporateBody;Rey & Kalt;1893
E03_100420104099;E06_100420104099_001;100420104099;;;;Instantiation - 150 Jahre Theater- und Musikgesellschaft Zug : 1809-1959;150 Jahre Theater- und Musikgesellschaft Zug : 1809-1959;https://www.wikidata.org/wiki/Q856475;Bibliothek Zug;Broschüre;TBq 2269;Buch;Deutsch;Q68144;Zug ;https://www.wikidata.org/wiki/Q112709824;CorporateBody;TMGZ;1959
E03_100534320099;E06_100534320099_001;100534320099;;;;Instantiation - 100 Jahre Bürgerspital Zug : 1857-1957;100 Jahre Bürgerspital Zug : 1857-1957;https://www.wikidata.org/wiki/Q856475;Bibliothek Zug;Buch;Tq 4190;Buch;Deutsch;Q68144;Zug ;http://example.org/base/Bürgergemeinde;CorporateBody;Bürgergemeinde;1957
E03_100722660099;E06_100722660099_001;100722660099;Person;http://example.org/base/Brunner, Josef;Brunner, Josef;Instantiation - Philipp Etter : Leben und Werk;Philipp Etter : Leben und Werk;https://www.wikidata.org/wiki/Q856475;Bibliothek Zug;Broschüre;TBq 2298;Buch;Deutsch;Q68144;Zug ;http://example.org/base/Gemeinnützige Gesellschaft;CorporateBody;Gemeinnützige Gesellschaft;1979
E03_100728419099;E06_100728419099_001;100728419099;Person;http://example.org/base/Kamer, Max;Kamer, Max;Instantiation - Zur Eröffnung des Neubaus Theater-Casino Zug;Zur Eröffnung des Neubaus Theater-Casino Zug;https://www.wikidata.org/wiki/Q856475;Bibliothek Zug;Broschüre;TBq 513;Buch;Deutsch;Q68144;Zug ;http://example.org/base/Kalt-Zehnder;CorporateBody;Kalt-Zehnder;1982
E03_100831865099;E06_100831865099_001;100831865099;Person;https://www.wikidata.org/wiki/Q532343;Etter, Philipp;Instantiation - Kurze Staats- und Verfassungskunde : unter besonderer Berücksichtigung der Kantone Zug und Schwyz;Kurze Staats- und Verfassungskunde : unter besonderer Berücksichtigung der Kantone Zug und Schwyz;https://www.wikidata.org/wiki/Q856475;Bibliothek Zug;Broschüre;TB 1315;Buch;Deutsch;Q68144;Zug ;http://example.org/base/Kantonales Lehrmitteldepot;CorporateBody;Kantonales Lehrmitteldepot;1925
E03_100910658099;E06_100910658099_001;100910658099;;;;Instantiation - 100 Jahre Boris Hagelin, 1892-1992 : die Geschichte des Firmagründers (!) Crypto AG, 6301 Zug;100 Jahre Boris Hagelin, 1892-1992 : die Geschichte des Firmagründers (!) Crypto AG, 6301 Zug;https://www.wikidata.org/wiki/Q856475;Bibliothek Zug;Broschüre;TBq 1222;Buch;Deutsch;Q68144;Zug ;https://www.wikidata.org/wiki/Q665539;CorporateBody;Crypto AG;1992
E03_101257055099;E06_101257055099_001;101257055099;Person;http://example.org/base/Pfeffer, Liliane;Pfeffer, Liliane;Instantiation - Aufbau des topographischen Bildarchivs der Stadt- und Kantonsbibliothek Zug : Einführung und Arbeitsbericht;Aufbau des topographischen Bildarchivs der Stadt- und Kantonsbibliothek Zug : Einführung und Arbeitsbericht;https://www.wikidata.org/wiki/Q856475;Bibliothek Zug;Broschüre;TBq 575;Buch;Deutsch;Q68144;Zug ;https://www.wikidata.org/wiki/Q856475;CorporateBody;Stadtbibliothek;1985
E03_101435815099;E06_101435815099_001;101435815099;Person;https://www.wikidata.org/wiki/Q28168561;Hegglin, Walther A.;Instantiation - Der Ochsen in Zug : 75 Jahre im Besitz der Familie Hegglin;Der Ochsen in Zug : 75 Jahre im Besitz der Familie Hegglin;https://www.wikidata.org/wiki/Q856475;Bibliothek Zug;Broschüre;TBq 1603;Buch;Deutsch;Q68144;Zug ;http://example.org/base/Kalt-Zehnder;CorporateBody;Kalt-Zehnder;1997
E03_101499567099;E06_101499567099_001;101499567099;;;;Instantiation - Auf dem Gipfel! : das EVZ-Meisterwerk;Auf dem Gipfel! : das EVZ-Meisterwerk;https://www.wikidata.org/wiki/Q856475;Bibliothek Zug;Broschüre;TBq 1717;Buch;Deutsch;Q68144;Zug ;https://www.wikidata.org/wiki/Q662592;CorporateBody;EVZ;1998
E03_101732699099;E06_101732699099_001;101732699099;Person;http://example.org/base/Bieler, Anton;Bieler, Anton;Instantiation - Geschichtliches zu einigen älteren Zuger Drucken;Geschichtliches zu einigen älteren Zuger Drucken;https://www.wikidata.org/wiki/Q856475;Bibliothek Zug;Broschüre;TB 1960;Buch;Deutsch;Q68144;Zug ;http://example.org/base/Zürcher;CorporateBody;Zürcher;1954
E03_101732701099;E06_101732701099_001;101732701099;Person;https://www.wikidata.org/wiki/Q532343;Etter, Philipp;Instantiation - Am Aserfeuer : Jagderinnerungen;Am Aserfeuer : Jagderinnerungen;https://www.wikidata.org/wiki/Q856475;Bibliothek Zug;Broschüre;TB 1958;Buch;Deutsch;Q68144;Zug ;http://example.org/base/Zürchers Erben;CorporateBody;Zürchers Erben;1952
E03_101770798099;E06_101770798099_001;101770798099;;;;Instantiation - Stadtbibliothek Zug : zur Eröffnung der Stadt- und Kantonsbibliothek Zug;Stadtbibliothek Zug : zur Eröffnung der Stadt- und Kantonsbibliothek Zug;https://www.wikidata.org/wiki/Q856475;Bibliothek Zug;Buch;T 7124;Buch;Deutsch;Q68144;Zug ;http://example.org/base/Speck;Person;Speck;1986
E03_101786340099;E06_101786340099_001;101786340099;;;;Instantiation - Oeffentliche Bauten der Stadt Zug : Sporthalle Zug Herti;Oeffentliche Bauten der Stadt Zug : Sporthalle Zug Herti;https://www.wikidata.org/wiki/Q856475;Bibliothek Zug;Broschüre;TBq 2181;Buch;Deutsch;Q68144;Zug ;http://example.org/base/Baudepartement;CorporateBody;Baudepartement;2001
E03_101914585099;E06_101914585099_001;101914585099;;;;Instantiation - Website der Stadt- und Kantonsbibliothek Zug : August 1999 - Dezember 2003;Website der Stadt- und Kantonsbibliothek Zug : August 1999 - Dezember 2003;https://www.wikidata.org/wiki/Q856475;Bibliothek Zug;Broschüre;TBq 2567;Buch;Deutsch;Q68144;Zug ;https://www.wikidata.org/wiki/Q856475;CorporateBody;Bibliothek;2003
E03_102097630099;E06_102097630099_001;102097630099;;;;Instantiation - Neue Eissportanlagen Herti Zug : Bericht des Auswahlgremiums zu den eingereichten Ueberbauungskonzepten;Neue Eissportanlagen Herti Zug : Bericht des Auswahlgremiums zu den eingereichten Ueberbauungskonzepten;https://www.wikidata.org/wiki/Q856475;Bibliothek Zug;Broschüre;TBq 3086;Buch;Deutsch;Q68144;Zug ;http://example.org/base/Finanzdepartement (u.a.);CorporateBody;Finanzdepartement (u.a.);2004
E03_102158959099;E06_102158959099_001;102158959099;;;;Instantiation - Eine Zeitreise : 1857-2007;Eine Zeitreise : 1857-2007;https://www.wikidata.org/wiki/Q856475;Bibliothek Zug;Broschüre;TBq 3314;Buch;Deutsch;Q68144;Zug ;http://example.org/base/Kantonsspital;CorporateBody;Kantonsspital;2007
E03_102247897099;E06_102247897099_001;102247897099;;;;Instantiation - TMGZ - ein Dialog;TMGZ - ein Dialog;https://www.wikidata.org/wiki/Q856475;Bibliothek Zug;Buch;T 8949;Buch;Deutsch;Q68144;Zug ;http://example.org/base/Kalt-Zehnder;CorporateBody;Kalt-Zehnder;2008
E03_102425334099;E06_102425334099_001;102425334099;;;;Instantiation - Benützungsreglement der Stadtbibliothek Zug;Benützungsreglement der Stadtbibliothek Zug;https://www.wikidata.org/wiki/Q856475;Bibliothek Zug;Broschüre;TB 14;Buch;Deutsch;Q68144;Zug ;;;;1942
E03_102425475099;E06_102425475099_001;102425475099;;;;Instantiation - Reglement über die Verwaltung der Stadtbibliothek Zug;Reglement über die Verwaltung der Stadtbibliothek Zug;https://www.wikidata.org/wiki/Q856475;Bibliothek Zug;Broschüre;TB 13;Buch;Deutsch;Q68144;Zug ;;;;1942
E03_102456772099;E06_102456772099_001;102456772099;;;;Instantiation - Die Stadtbibliothek von A-Z;Die Stadtbibliothek von A-Z;https://www.wikidata.org/wiki/Q856475;Bibliothek Zug;Broschüre;TB 596;Buch;Deutsch;Q68144;Zug ;https://www.wikidata.org/wiki/Q856475;CorporateBody;Stadtbibliothek;1983
E03_102467077099;E06_102467077099_001;102467077099;Person;http://example.org/base/Rüttimann, Carl;Rüttimann, Carl;Instantiation - Erinnerungen an Philipp Etter;Erinnerungen an Philipp Etter;https://www.wikidata.org/wiki/Q856475;Bibliothek Zug;Broschüre;TB 613;Buch;Deutsch;Q68144;Zug ;http://example.org/base/Zürcher;CorporateBody;Zürcher;1978
E03_102507777099;E06_102507777099_001;102507777099;;;;Instantiation - Zug on Ice : Eröffnung der Bossard Arena, 20. bis 22. August;Zug on Ice : Eröffnung der Bossard Arena, 20. bis 22. August;https://www.wikidata.org/wiki/Q856475;Bibliothek Zug;Broschüre;TBq 3603;Buch;Deutsch;Q68144;Zug ;http://example.org/base/Neue ZZ;CorporateBody;Neue ZZ;2010
E03_102682140099;E06_102682140099_001;102682140099;;;;Instantiation - Umbau Kantonales Zeughaus Zug : Obergericht und Studienbibliothek;Umbau Kantonales Zeughaus Zug : Obergericht und Studienbibliothek;https://www.wikidata.org/wiki/Q856475;Bibliothek Zug;Broschüre;TBq 3667;Buch;Deutsch;Q68144;Zug ;http://example.org/base/Baudirektion;CorporateBody;Baudirektion;2011
E03_102768156099;E06_102768156099_001;102768156099;CorporateBody;https://www.wikidata.org/wiki/Q112709824;Theater- und Musikgesellschaft (Zug);Instantiation - Statuten der Theater- und Musikgesellschaft Zug : vom 15. Juli 1910;Statuten der Theater- und Musikgesellschaft Zug : vom 15. Juli 1910;https://www.wikidata.org/wiki/Q856475;Bibliothek Zug;Broschüre;TB 1310;Buch;Deutsch;Q68144;Zug ;https://www.wikidata.org/wiki/Q112709824;CorporateBody;TMGZ;1910
E03_105019790099;E06_105019790099_001;105019790099;Person;http://example.org/base/Koch, Hans;Koch, Hans;Instantiation - Der Ochsen in Zug : Plauderei um eine alte innerschweizerische Gaststätte;Der Ochsen in Zug : Plauderei um eine alte innerschweizerische Gaststätte;https://www.wikidata.org/wiki/Q856475;Bibliothek Zug;Benutzung vor Ort;ATB 2018;Buch;Deutsch;Q68144;Zug ;http://example.org/base/Kalt-Zehnder;CorporateBody;Kalt-Zehnder;1959
E03_105023025099;E06_105023025099_001;105023025099;;;;Instantiation - Katalog der Stadt-Bibliothek von Zug : Sommer 1858;Katalog der Stadt-Bibliothek von Zug : Sommer 1858;https://www.wikidata.org/wiki/Q856475;Bibliothek Zug;Benutzung vor Ort;ATB 2257;Buch;Deutsch;Q68144;Zug ;https://www.wikidata.org/wiki/Q78058104;Person;Joh. Mich. Al. Blunschi (Druck);1858
E03_105025058099;E06_105025058099_001;105025058099;CorporateBody;https://www.wikidata.org/wiki/Q112709824;Theater- und Musikgesellschaft (Zug);Instantiation - Statuten der Theater- und Musikgesellschaft in Zug;Statuten der Theater- und Musikgesellschaft in Zug;https://www.wikidata.org/wiki/Q856475;Bibliothek Zug;Benutzung vor Ort;ATB 2416;Buch;Deutsch;Q68144;Zug ;https://www.wikidata.org/wiki/Q112709824;CorporateBody;Theater- und Musikgesellschaft;1859
E03_105028145099;E06_105028145099_001;105028145099;;;;Instantiation - Der neue Bürgerspital;Der neue Bürgerspital;https://www.wikidata.org/wiki/Q856475;Bibliothek Zug;Benutzung vor Ort;ATB 2602;Buch;Deutsch;Q68144;Zug ;http://example.org/base/Bürgergemeinde;CorporateBody;Bürgergemeinde;1938
E03_105030658099;E06_105030658099_001;105030658099;Person;http://example.org/base/Uttinger-Ineichen, Alois;Uttinger-Ineichen, Alois;Instantiation - Der Bürgerspital in Zug : seine Entwicklung und die heutige Baufrage;Der Bürgerspital in Zug : seine Entwicklung und die heutige Baufrage;https://www.wikidata.org/wiki/Q856475;Bibliothek Zug;Benutzung vor Ort;ATB 2803;Buch;Deutsch;Q68144;Zug ;http://example.org/base/Uttinger-Ineichen;CorporateBody;Uttinger-Ineichen;1933
E03_105038373099;E06_105038373099_001;105038373099;Person;https://www.wikidata.org/wiki/Q60189088;Zumbach, Ernst;Instantiation - Unsere Bibliothek;Unsere Bibliothek;https://www.wikidata.org/wiki/Q856475;Bibliothek Zug;Benutzung vor Ort;ATBq 2592;Buch;Deutsch;Q68144;Zug ;https://www.wikidata.org/wiki/Q60189088;Person;Zumbach;1942
E03_105045568099;E06_105045568099_001;105045568099;CorporateBody;http://example.org/base/Zug. Einwohnerrat;Zug. Einwohnerrat;Instantiation - Organisation der Stadtbibliothek Zug;Organisation der Stadtbibliothek Zug;https://www.wikidata.org/wiki/Q856475;Bibliothek Zug;Benutzung vor Ort;ATBq 2689;Buch;Deutsch;Q68144;Zug ;http://example.org/base/Einwohnerrat;CorporateBody;Einwohnerrat;1911
E03_105046354099;E06_105046354099_001;105046354099;Person;https://www.wikidata.org/wiki/Q28168561;Hegglin, Walter A.;Instantiation - City Hotel Ochsen Zug : traditionelles Gasthaus seit 500 Jahren;City Hotel Ochsen Zug : traditionelles Gasthaus seit 500 Jahren;https://www.wikidata.org/wiki/Q856475;Bibliothek Zug;Benutzung vor Ort;ATBf 45;Buch;Deutsch;Q68144;Zug ;http://example.org/base/Kalt-Zehnder;CorporateBody;Kalt-Zehnder;1967
E03_105063483099;E06_105063483099_001;105063483099;;;;Instantiation - Katalog der Stadt-Bibliothek Zug;Katalog der Stadt-Bibliothek Zug;https://www.wikidata.org/wiki/Q856475;Bibliothek Zug;Benutzung vor Ort;ATB 2250;Buch;Deutsch;Q68144;Zug ;http://example.org/base/Buchdruckerei Blunschi;CorporateBody;Buchdruckerei Blunschi;1910
E03_105091932099;E06_105091932099_001;105091932099;;;;Instantiation - 25 Jahre EVZ, 1967-1992 : vom Baarer Weiher auf die Hertiallmend oder vom Baarer SC zum Eissport-Verein Zug (EVZ) (Benutzung vor Ort, 4. OG (digitalisierte Filmdatei));25 Jahre EVZ, 1967-1992 : vom Baarer Weiher auf die Hertiallmend oder vom Baarer SC zum Eissport-Verein Zug (EVZ) (Benutzung vor Ort, 4. OG (digitalisierte Filmdatei));https://www.wikidata.org/wiki/Q856475;Bibliothek Zug;Benutzung vor Ort;TV 72;Sonstiges Material;Deutsch;Q68144;Zug ;https://www.wikidata.org/wiki/Q662592;CorporateBody;EVZ;1992
E03_105114727099;E06_105114727099_001;105114727099;;;;Instantiation - Katalog der Stadt-Bibliothek von Zug vom Jahre 1876 : II. Nachtrag;Katalog der Stadt-Bibliothek von Zug vom Jahre 1876 : II. Nachtrag;https://www.wikidata.org/wiki/Q856475;Bibliothek Zug;Benutzung vor Ort;ATB 392;Buch;Deutsch;Q68144;Zug ;http://example.org/base/J. Zürcher;Person;J. Zürcher;1893
E03_105117140099;E06_105117140099_001;105117140099;;;;Instantiation - Katalog der Stadt-Bibliothek von Zug;Katalog der Stadt-Bibliothek von Zug;https://www.wikidata.org/wiki/Q856475;Bibliothek Zug;Benutzung vor Ort;AT 131;Buch;Deutsch;Q68144;Zug ;https://www.wikidata.org/wiki/Q78058104;Person;Johann Michael Aloys Blunschi (Druck);1876
E03_105127787099;E06_105127787099_001;105127787099;CorporateBody;https://www.wikidata.org/wiki/Q112709824;Theater- und Musikgesellschaft (Zug);Instantiation - Statuten der Theater- und Musikgesellschaft Zug : gegründet 1808;Statuten der Theater- und Musikgesellschaft Zug : gegründet 1808;https://www.wikidata.org/wiki/Q856475;Bibliothek Zug;Benutzung vor Ort;ATB 425;Buch;Deutsch;Q68144;Zug ;https://www.wikidata.org/wiki/Q112709824;CorporateBody;TMGZ;1981
E03_105129075099;E06_105129075099_001;105129075099;;;;Instantiation - Statuten der Metallwaaren-Fabrik Zug;Statuten der Metallwaaren-Fabrik Zug;https://www.wikidata.org/wiki/Q856475;Bibliothek Zug;Benutzung vor Ort;ATB 984;Buch;Deutsch;Q68144;Zug ;http://example.org/base/Metallwarenfabrik;CorporateBody;Metallwarenfabrik;1887
E03_105129637099;E06_105129637099_001;105129637099;;;;Instantiation - Statuten des Eissportverein Zug (EVZ);Statuten des Eissportverein Zug (EVZ);https://www.wikidata.org/wiki/Q856475;Bibliothek Zug;Benutzung vor Ort;ATB 742;Buch;Deutsch;Q68144;Zug ;https://www.wikidata.org/wiki/Q662592;CorporateBody;EVZ;1982
E03_105131760099;E06_105131760099_001;105131760099;Person;http://example.org/base/Etter, Maria (u.a.);Etter, Maria (u.a.);Instantiation - Zum siebzigsten Geburtstag unseres Vaters, Bundesrat Philipp Etter : 21. Dezember 1961;Zum siebzigsten Geburtstag unseres Vaters, Bundesrat Philipp Etter : 21. Dezember 1961;https://www.wikidata.org/wiki/Q856475;Bibliothek Zug;Benutzung vor Ort;ATB 1316;Buch;Deutsch;Q68144;Zug ;http://example.org/base/Zürcher;CorporateBody;Zürcher;1961
E03_105139290099;E06_105139290099_001;105139290099;Person;http://example.org/base/Stadlin, Paul;Stadlin, Paul;Instantiation - Aus der Geschichte der Metallwarenfabrik Zug;Aus der Geschichte der Metallwarenfabrik Zug;https://www.wikidata.org/wiki/Q856475;Bibliothek Zug;Benutzung vor Ort;ATBq 519;Buch;Deutsch;Q68144;Zug ;http://example.org/base/Kalt-Zehnder;CorporateBody;Kalt-Zehnder;1980
E03_105144650099;E06_105144650099_001;105144650099;;;;Instantiation - Areal ehemaliges Kantonsspital Zug : städtebaulicher Studienauftrag;Areal ehemaliges Kantonsspital Zug : städtebaulicher Studienauftrag;https://www.wikidata.org/wiki/Q856475;Bibliothek Zug;Benutzung vor Ort;ATBq 4003;Buch;Deutsch;Q68144;Zug ;http://example.org/base/Hochbauamt des Kantons Zug;CorporateBody;Hochbauamt des Kantons Zug;2012
E03_105148588099;E06_105148588099_001;105148588099;;;;Instantiation - EVZ 1993/94;EVZ 1993/94;https://www.wikidata.org/wiki/Q856475;Bibliothek Zug;Benutzung vor Ort;ATBq 1296;Buch;Deutsch;Q68144;Zug ;http://example.org/base/Zuger Zeitung;CorporateBody;Zuger Zeitung;1993
E03_107531591099;E06_107531591099_001;107531591099;Person;http://example.org/base/Falk, Jacqueline;Falk, Jacqueline;Instantiation - Auf in den Süden! : Kunst & Kultur im alten Kantonsspital Zug;Auf in den Süden! : Kunst & Kultur im alten Kantonsspital Zug;https://www.wikidata.org/wiki/Q856475;Bibliothek Zug;Broschüre;TBq 3865;Buch;Deutsch;Q68144;Zug ;http://example.org/base/Stelle für Kultur;CorporateBody;Stelle für Kultur;2015
E03_107569321099;E06_107569321099_001;107569321099;;;;"Instantiation - Gründungsversammlung des Vereins ""Nachbarschaft St. Oswald"" : 11. November 1983 im Kolinsaal des Hotel Ochsen";"Gründungsversammlung des Vereins ""Nachbarschaft St. Oswald"" : 11. November 1983 im Kolinsaal des Hotel Ochsen";https://www.wikidata.org/wiki/Q856475;Bibliothek Zug;Broschüre;TBq 417;Buch;Deutsch;Q68144;Zug ;;;;1983
E03_107898751099;E06_107898751099_001;107898751099;Person;https://www.wikidata.org/wiki/Q532343;Etter, Philipp;Instantiation - Das Rathaus an der Grenzmarch : freie Erzählung im Schatten des alten Zürichkriegs;Das Rathaus an der Grenzmarch : freie Erzählung im Schatten des alten Zürichkriegs;https://www.wikidata.org/wiki/Q856475;Bibliothek Zug;Broschüre;TB 1715;Buch;Deutsch;Q68144;Zug ;http://example.org/base/Offizin Zürcher;CorporateBody;Offizin Zürcher;1971
E03_107970772099;E06_107970772099_001;107970772099;Person;http://example.org/base/Thalmann, Eugen;Thalmann, Eugen;Instantiation - 50 Jahre EVZ - für ein lebendiges Zug : 1967-2017;50 Jahre EVZ - für ein lebendiges Zug : 1967-2017;https://www.wikidata.org/wiki/Q856475;Bibliothek Zug;Buch;Tq 7724;Buch;Deutsch;Q68144;Zug ;https://www.wikidata.org/wiki/Q662592;CorporateBody;EVZ;2017
E03_108084872099;E06_108084872099_001;108084872099;;;;Instantiation - 1887-2012 - Metallwarenfabrik Zug : die Wurzeln der Metall Zug;1887-2012 - Metallwarenfabrik Zug : die Wurzeln der Metall Zug;https://www.wikidata.org/wiki/Q856475;Bibliothek Zug;Buch;Tq 7533;Buch;Deutsch;Q68144;Zug ;https://www.wikidata.org/wiki/Q113405;CorporateBody;Metall Zug;2012
E03_108209734099;E06_108209734099_001;108209734099;Person;http://example.org/base/Brändle, Johann;Brändle, Johann;Instantiation - Abriss zur Geschichte der Theater- und Musikgesellschaft Zug, gegründet im Jahr 1808;Abriss zur Geschichte der Theater- und Musikgesellschaft Zug, gegründet im Jahr 1808;https://www.wikidata.org/wiki/Q856475;Bibliothek Zug;Broschüre;TBq 885;Buch;Deutsch;Q68144;Zug ;http://example.org/base/Brändle;Person;Brändle;1989
E03_ZUG00100000446;E06_ZUG00100000446_001;ZUG00100000446;CorporateBody;https://www.wikidata.org/wiki/Q662592;EVZ;Instantiation - EVZ 1974 : Pressespiegel Teil 1;EVZ 1974 : Pressespiegel Teil 1;https://www.wikidata.org/wiki/Q856475;Bibliothek Zug;Benutzung vor Ort;ATBq 4270;Buch;Deutsch;Q68144;Zug ;https://www.wikidata.org/wiki/Q662592;CorporateBody;EVZ;1975
E03_ZUG00100001357;E06_ZUG00100001357_001;ZUG00100001357;;;;Instantiation - Crypto AG: 60 years of information security solutions;Crypto AG: 60 years of information security solutions;https://www.wikidata.org/wiki/Q856475;Bibliothek Zug;Benutzung vor Ort;AT 9814;Buch;Englisch;Q68144;Zug ;https://www.wikidata.org/wiki/Q665539;CorporateBody;Crypto AG;2012
E03_100720330099;E06_100720330099_001;100720330099;Person;https://www.wikidata.org/wiki/Q532343;Etter, Philipp;Instantiation - 1953 - Stimmrecht der Geschichte : sieben Ansprachen;1953 - Stimmrecht der Geschichte : sieben Ansprachen;https://www.wikidata.org/wiki/Q856475;Bibliothek Zug;Buch;T 3716;Buch;Deutsch;Q72;Zürich ;http://example.org/base/Artemis;CorporateBody;Artemis;1953
E03_105035426099;E06_105035426099_001;105035426099;Person;https://www.wikidata.org/wiki/Q532343;Etter, Philipp;Instantiation - Niklaus von Flüe;Niklaus von Flüe;https://www.wikidata.org/wiki/Q856475;Bibliothek Zug;Benutzung vor Ort;ATB 2961;Buch;Deutsch;Q72;Zürich ;http://example.org/base/Atlantis;CorporateBody;Atlantis;1938
E03_107218883099;E06_107218883099_001;107218883099;Person;https://www.wikidata.org/wiki/Q104055020;Dürrenmatt, Friedrich;Instantiation - Der Besuch der alten Dame : eine tragische Komödie, Neufassung 1980;Der Besuch der alten Dame : eine tragische Komödie, Neufassung 1980;https://www.wikidata.org/wiki/Q856475;Bibliothek Zug;Buch;S 2648.5;Buch;Deutsch;Q72;Zürich ;https://www.wikidata.org/wiki/Q1226810;CorporateBody;Diogenes;1998
E03_400050632099;E06_400050632099_001;400050632099;Person;http://example.org/base/Lippuner, Sabine;Lippuner, Sabine;Instantiation - ArbeiterInnen in der Metallwarenfabrik Zug 1900-1914;ArbeiterInnen in der Metallwarenfabrik Zug 1900-1914;https://www.wikidata.org/wiki/Q14848231;Staatsarchiv Zug;Benutzung vor Ort;E 1063;Buch;Deutsch;Q72;Zürich ;http://example.org/base/Typoscript;CorporateBody;Typoscript;1995
E03_105150851099;E06_105150851099_001;105150851099;Person;https://www.wikidata.org/wiki/Q532343;Etter, Philipp;"Instantiation - ""Kinder sind des Staates grösste Schätze"" : ein Familienfest zum 70. Geburtstag von alt Bundesrat Dr. Philipp Etter (9999/99)";"""Kinder sind des Staates grösste Schätze"" : ein Familienfest zum 70. Geburtstag von alt Bundesrat Dr. Philipp Etter (9999/99)";https://www.wikidata.org/wiki/Q856475;Bibliothek Zug;Benutzung vor Ort;ATBf 84;Zeitschrift;Deutsch;;;;;;
E03_103831000000;E06_103831360589_001;103831000000;CorporateBody;https://www.wikidata.org/wiki/Q112709824;Theater- und Musikgesellschaft (Zug);Instantiation - Monatsprogramm - Theater Casino Zug (2016/4) (Mai-Juni);Monatsprogramm - Theater Casino Zug (2016/4) (Mai-Juni);https://www.wikidata.org/wiki/Q856475;Bibliothek Zug;T-Periodika;PTf 13;Zeitschrift;Unbekannt;;;https://www.wikidata.org/wiki/Q112709824;CorporateBody;TMGZ;2016
E03_113951000000;E06_113950720498_001;113951000000;CorporateBody;https://www.wikidata.org/wiki/Q662592;EVZ;Instantiation - Eiszeit : das Magazin zum EVZ (2017/3);Eiszeit : das Magazin zum EVZ (2017/3);https://www.wikidata.org/wiki/Q856475;Bibliothek Zug;T-Periodika;PTq 350;Zeitschrift;Unbekannt;;;https://www.wikidata.org/wiki/Q662592;CorporateBody;EVZ;2017
E03_252756000000;E06_252755831856_001;252756000000;CorporateBody;https://www.wikidata.org/wiki/Q662592;EVZ;Instantiation - Eiszeit : das Magazin zum EVZ (2020/Saison 19/20 Nr. 5);Eiszeit : das Magazin zum EVZ (2020/Saison 19/20 Nr. 5);https://www.wikidata.org/wiki/Q856475;Bibliothek Zug;T-Periodika;PTq 350;Zeitschrift;Unbekannt;;;https://www.wikidata.org/wiki/Q662592;CorporateBody;EVZ;2020
E03_312018000000;E06_312017856767_001;312018000000;CorporateBody;https://www.wikidata.org/wiki/Q112709824;Theater- und Musikgesellschaft (Zug);Instantiation - Monatsprogramm - Theater Casino Zug (2016/1) (Jan-Feb);Monatsprogramm - Theater Casino Zug (2016/1) (Jan-Feb);https://www.wikidata.org/wiki/Q856475;Bibliothek Zug;T-Periodika;PTf 13;Zeitschrift;Unbekannt;;;https://www.wikidata.org/wiki/Q112709824;CorporateBody;TMGZ;2016
E03_325138000000;E06_325138364147_001;325138000000;CorporateBody;https://www.wikidata.org/wiki/Q662592;EVZ;Instantiation - Eiszeit : das Magazin zum EVZ (2017/2);Eiszeit : das Magazin zum EVZ (2017/2);https://www.wikidata.org/wiki/Q856475;Bibliothek Zug;T-Periodika;PTq 350;Zeitschrift;Unbekannt;;;https://www.wikidata.org/wiki/Q662592;CorporateBody;EVZ;2017
E03_483503000000;E06_483503116421_001;483503000000;Person;http://example.org/base/Scheidegger, Ueli;Scheidegger, Ueli;Instantiation - Die neue Zuger Höhenklinik Adelheid;Die neue Zuger Höhenklinik Adelheid;https://www.wikidata.org/wiki/Q856475;Bibliothek Zug;Benutzung vor Ort;PTq 55.1999;Artikel;Deutsch;;;;;;
E03_493053000000;E06_493053125605_001;493053000000;CorporateBody;https://www.wikidata.org/wiki/Q112709824;Theater- und Musikgesellschaft (Zug);Instantiation - Saison - Theater Casino Zug : Veranstaltungen der Theater- und Musikgesellschaft Zug (2014/2014:2015);Saison - Theater Casino Zug : Veranstaltungen der Theater- und Musikgesellschaft Zug (2014/2014:2015);https://www.wikidata.org/wiki/Q856475;Bibliothek Zug;T-Periodika;PTq 278;Zeitschrift;Unbekannt;;;https://www.wikidata.org/wiki/Q112709824;CorporateBody;TMGZ;2014
E03_512731000000;E06_512731044177_001;512731000000;CorporateBody;https://www.wikidata.org/wiki/Q662592;EVZ;Instantiation - Eiszeit : das Magazin zum EVZ (2018/7);Eiszeit : das Magazin zum EVZ (2018/7);https://www.wikidata.org/wiki/Q856475;Bibliothek Zug;T-Periodika;PTq 350;Zeitschrift;Unbekannt;;;https://www.wikidata.org/wiki/Q662592;CorporateBody;EVZ;2018
E03_740237000000;E06_740236753549_001;740237000000;CorporateBody;https://www.wikidata.org/wiki/Q662592;EVZ;Instantiation - Eiszeit : das Magazin zum EVZ (2017/5);Eiszeit : das Magazin zum EVZ (2017/5);https://www.wikidata.org/wiki/Q856475;Bibliothek Zug;T-Periodika;PTq 350;Zeitschrift;Unbekannt;;;https://www.wikidata.org/wiki/Q662592;CorporateBody;EVZ;2017
E03_745461000000;E06_745460571926_001;745461000000;CorporateBody;https://www.wikidata.org/wiki/Q112709824;Theater- und Musikgesellschaft (Zug);Instantiation - Monatsprogramm - Theater Casino Zug (2016/2) (März);Monatsprogramm - Theater Casino Zug (2016/2) (März);https://www.wikidata.org/wiki/Q856475;Bibliothek Zug;T-Periodika;PTf 13;Zeitschrift;Unbekannt;;;https://www.wikidata.org/wiki/Q112709824;CorporateBody;TMGZ;2016
E03_769810000000;E06_769810053336_001;769810000000;CorporateBody;https://www.wikidata.org/wiki/Q662592;EVZ;Instantiation - Eiszeit : das Magazin zum EVZ (2019/3);Eiszeit : das Magazin zum EVZ (2019/3);https://www.wikidata.org/wiki/Q856475;Bibliothek Zug;T-Periodika;PTq 350;Zeitschrift;Unbekannt;;;https://www.wikidata.org/wiki/Q662592;CorporateBody;EVZ;2019
E03_781197000000;E06_781196871959_001;781197000000;CorporateBody;https://www.wikidata.org/wiki/Q112709824;Theater- und Musikgesellschaft (Zug);Instantiation - Monatsprogramm - Theater Casino Zug (2016/3) (April);Monatsprogramm - Theater Casino Zug (2016/3) (April);https://www.wikidata.org/wiki/Q856475;Bibliothek Zug;T-Periodika;PTf 13;Zeitschrift;Unbekannt;;;https://www.wikidata.org/wiki/Q112709824;CorporateBody;TMGZ;2016
