B_E03_id;E03_type;B_E06_id;E06_type;id;superordinate;levelOfDescription;signature;E06_title;title;publisher_ID;publisherEntityType;publisher;scopeAndContent;representationType;creationDate;extent;contentType;creator_id;creatorType;creator;carrierExtent;E22_place_Id;E22_Place_Name
B_E03_180000;RecordSet;B_E06_180000_001;Instantiation;180000;;Bestand;TD;Instantiation of - Zuger Sammlung;Zuger Sammlung;;;;;;Undatiert;;;;;;;;
B_E03_185846;RecordSet;B_E06_185846_001;Instantiation;185846;E03_180000;Bestand;TD_2;Instantiation of - Zuger Bildarchiv;Zuger Bildarchiv;;;;;Foto (Analog), Foto (Digitalisiert);1860 - ;;Bild;;;;;;
B_E03_82279;RecordSet;B_E06_82279_001;Instantiation;82279;E03_185846;Bestand;TD_22;Instantiation of - Postkartensammlung;Postkartensammlung;;;;;Foto (Analog), Foto (Digitalisiert);1885 - 2003;;Ansichtskarte;;;;;;
B_E03_166384;RecordSet;B_E06_166384_001;Instantiation;166384;E03_82279;Einzelstück;TD_22_00441;Instantiation of - Metallwaren Fabrik Zug;Metallwaren Fabrik Zug;;;;Farbe: s/w Text: nein;Elektronische Speichermedien (Digitalisiert) (digitalisiert übernommen);Undatiert;;Ansichtskarte;;;;;https://www.wikidata.org/wiki/Q68144;Zug
B_E03_166424;RecordSet;B_E06_166424_001;Instantiation;166424;E03_82279;Einzelstück;TD_22_00451;Instantiation of - (Hotel Ochsen mit Brunnen im Winter);(Hotel Ochsen mit Brunnen im Winter);;;;Farbe: s/w Text: nein;Elektronische Speichermedien (Digitalisiert) (digitalisiert übernommen);Undatiert;;Ansichtskarte;;;;;https://www.wikidata.org/wiki/Q68144;Zug
B_E03_166436;RecordSet;B_E06_166436_001;Instantiation;166436;E03_82279;Einzelstück;TD_22_00454;Instantiation of - Zug Hotel Ochsen, Kolinplatz;Zug Hotel Ochsen, Kolinplatz;https://www.foto-ch.ch/?a=fotograph&id=29468;Person;W. Wyss, Zug ;Farbe: farbig Text: ja;Elektronische Speichermedien (Digitalisiert) (digitalisiert übernommen);1916;;Ansichtskarte;;;;;https://www.wikidata.org/wiki/Q68144;Zug
B_E03_166448;RecordSet;B_E06_166448_001;Instantiation;166448;E03_82279;Einzelstück;TD_22_00457;Instantiation of - Zug, Hotel Ochsen : Kolinplatz;Zug, Hotel Ochsen : Kolinplatz;https://www.foto-ch.ch/?a=fotograph&id=29546;Person;H. Grau, Zug ;Fotograf: H. Grau, Zug Farbe: s/w Text: nein;Elektronische Speichermedien (Digitalisiert) (digitalisiert übernommen);Undatiert;;Ansichtskarte;;;;;https://www.wikidata.org/wiki/Q68144;Zug
B_E03_166452;RecordSet;B_E06_166452_001;Instantiation;166452;E03_82279;Einzelstück;TD_22_00458;Instantiation of - Zug, Hotel Ochsen : Kolinplatz;Zug, Hotel Ochsen : Kolinplatz;https://www.foto-ch.ch/?a=fotograph&id=29547;Person;Eugen Grau, Zug ;Zug Farbe: s/w Text: nein;Elektronische Speichermedien (Digitalisiert) (digitalisiert übernommen);1933;;Ansichtskarte;https://www.foto-ch.ch/?a=fotograph&id=29547;Person;Eugen Grau;;https://www.wikidata.org/wiki/Q68144;Zug
B_E03_166456;RecordSet;B_E06_166456_001;Instantiation;166456;E03_82279;Einzelstück;TD_22_00459;Instantiation of - Zug, Hotel Ochsen : Kolinplatz;Zug, Hotel Ochsen : Kolinplatz;https://www.foto-ch.ch/?a=fotograph&id=29547;Person;Eugen Grau, Zug ;Zug Farbe: s/w Text: ja;Elektronische Speichermedien (Digitalisiert) (digitalisiert übernommen);1941;;Ansichtskarte;https://www.foto-ch.ch/?a=fotograph&id=29547;Person;Eugen Grau;;https://www.wikidata.org/wiki/Q68144;Zug
B_E03_166460;RecordSet;B_E06_166460_001;Instantiation;166460;E03_82279;Einzelstück;TD_22_00460;Instantiation of - Zug, Hotel Ochsen : Kolinplatz;Zug, Hotel Ochsen : Kolinplatz;https://www.foto-ch.ch/?a=fotograph&id=29547;Person;Eugen Grau, Zug ;Zug Farbe: s/w Text: nein;Elektronische Speichermedien (Digitalisiert) (digitalisiert übernommen);1941;;Ansichtskarte;https://www.foto-ch.ch/?a=fotograph&id=29547;Person;Eugen Grau;;https://www.wikidata.org/wiki/Q68144;Zug
B_E03_166464;RecordSet;B_E06_166464_001;Instantiation;166464;E03_82279;Einzelstück;TD_22_00461;Instantiation of - Hotel Ochsen, Zug;Hotel Ochsen, Zug;;Person;L.M. Kohler, Bern ;Farbe: s/w Text: nein;Elektronische Speichermedien (Digitalisiert) (digitalisiert übernommen);Undatiert;;Ansichtskarte;;;;;https://www.wikidata.org/wiki/Q68144;Zug
B_E03_166468;RecordSet;B_E06_166468_001;Instantiation;166468;E03_82279;Einzelstück;TD_22_00462;Instantiation of - Hotel Restaurant Ochsen, Zug;Hotel Restaurant Ochsen, Zug;;Person;L.M. Kohler, Bern ;Farbe: s/w Text: nein;Elektronische Speichermedien (Digitalisiert) (digitalisiert übernommen);Undatiert;;Ansichtskarte;;;;;https://www.wikidata.org/wiki/Q68144;Zug
B_E03_166496;RecordSet;B_E06_166496_001;Instantiation;166496;E03_82279;Einzelstück;TD_22_00469;Instantiation of - Zug - Kolin oder Ochsenplatz;Zug - Kolin oder Ochsenplatz;;;;Farbe: farbig Text: nein;Elektronische Speichermedien (Digitalisiert) (digitalisiert übernommen);Undatiert;;Ansichtskarte;https://www.wikidata.org/wiki/Q111594077;Person;J.M. Weber-Strebel;;https://www.wikidata.org/wiki/Q68144;Zug
B_E03_166500;RecordSet;B_E06_166500_001;Instantiation;166500;E03_82279;Einzelstück;TD_22_00470;Instantiation of - Zug : Kolin oder Ochsenplatz;Zug : Kolin oder Ochsenplatz;;;;Farbe: farbig Text: nein;Elektronische Speichermedien (Digitalisiert) (digitalisiert übernommen);Undatiert;;Ansichtskarte;https://www.wikidata.org/wiki/Q111594077;Person;J.M. Weber-Strebel;;https://www.wikidata.org/wiki/Q68144;Zug
B_E03_166512;RecordSet;B_E06_166512_001;Instantiation;166512;E03_82279;Einzelstück;TD_22_00473;Instantiation of - Zug. Kolinplatz mit Hotel Ochsen;Zug. Kolinplatz mit Hotel Ochsen;https://www.foto-ch.ch/?a=fotograph&id=33770;CorporateBody;Edition Guggenheim, Zürich ;Farbe: farbig Text: nein;Elektronische Speichermedien (Digitalisiert) (digitalisiert übernommen);Undatiert;;Ansichtskarte;;;;;https://www.wikidata.org/wiki/Q68144;Zug
B_E03_166520;RecordSet;B_E06_166520_001;Instantiation;166520;E03_82279;Einzelstück;TD_22_00475;Instantiation of - City-Hotel Ochsen Zug;City-Hotel Ochsen Zug;;CorporateBody;Kalt-Zehnder, Zug ;Fotograf: keine Angabe Farbe: farbig Text: nein;Elektronische Speichermedien (Digitalisiert) (digitalisiert übernommen);Undatiert;;Ansichtskarte;;;;;https://www.wikidata.org/wiki/Q68144;Zug
B_E03_166528;RecordSet;B_E06_166528_001;Instantiation;166528;E03_82279;Einzelstück;TD_22_00477;Instantiation of - Hotel-Restaurant Ochsen Zug;Hotel-Restaurant Ochsen Zug;https://www.foto-ch.ch/?a=fotograph&id=29547;Person;Eugen Grau, Zug ;Farbe: s/w Text: nein;Elektronische Speichermedien (Digitalisiert) (digitalisiert übernommen);1953;;Ansichtskarte;https://www.foto-ch.ch/?a=fotograph&id=29547;Person;Eugen Grau, Zug ;;https://www.wikidata.org/wiki/Q68144;Zug
B_E03_166532;RecordSet;B_E06_166532_001;Instantiation;166532;E03_82279;Einzelstück;TD_22_00478;Instantiation of - Schweiz - Suisse - Switzerland : Zug : Kolinplatz mit Brunnen, Stadthaus, Hotel Ochsen;Schweiz - Suisse - Switzerland : Zug : Kolinplatz mit Brunnen, Stadthaus, Hotel Ochsen;https://www.wikidata.org/wiki/Q85724891;;Photoglob, Zürich ;Farbe: farbig Text: nein;Elektronische Speichermedien (Digitalisiert) (digitalisiert übernommen);Undatiert;;Ansichtskarte;;;;;https://www.wikidata.org/wiki/Q68144;Zug
B_E03_166544;RecordSet;B_E06_166544_001;Instantiation;166544;E03_82279;Einzelstück;TD_22_00481;Instantiation of - Hotel Restaurant Ochsen Zug;Hotel Restaurant Ochsen Zug;;CorporateBody;Kalt-Zehnder, Zug ;Fotograf: Grau, Zug Farbe: s/w Text: nein;Elektronische Speichermedien (Digitalisiert) (digitalisiert übernommen);Undatiert;;Ansichtskarte;;;;;https://www.wikidata.org/wiki/Q68144;Zug
B_E03_166564;RecordSet;B_E06_166564_001;Instantiation;166564;E03_82279;Einzelstück;TD_22_00486;Instantiation of - Metallwaren-Fabrik Zug;Metallwaren-Fabrik Zug;;;;Farbe: s/w Text: nein;Elektronische Speichermedien (Digitalisiert) (digitalisiert übernommen);Undatiert;;Ansichtskarte;;;;;https://www.wikidata.org/wiki/Q68144;Zug
B_E03_167193;RecordSet;B_E06_167193_001;Instantiation;167193;E03_82279;Einzelstück;TD_22_00643;Instantiation of - Zug : Hotel Ochsen : Kolinplatz;Zug : Hotel Ochsen : Kolinplatz;;CorporateBody;Wyss Erben, Zug ;Farbe: farbig Text: nein;Elektronische Speichermedien (Digitalisiert) (digitalisiert übernommen);Undatiert;;Ansichtskarte;;;;;https://www.wikidata.org/wiki/Q68144;Zug
B_E03_167201;RecordSet;B_E06_167201_001;Instantiation;167201;E03_82279;Einzelstück;TD_22_00645;Instantiation of - Zug : Collinplatz mit Hôtel Ochsen;Zug : Collinplatz mit Hôtel Ochsen;;;;Farbe: s/w Text: nein;Elektronische Speichermedien (Digitalisiert) (digitalisiert übernommen);Undatiert;;Ansichtskarte;;;;;https://www.wikidata.org/wiki/Q68144;Zug
B_E03_167213;RecordSet;B_E06_167213_001;Instantiation;167213;E03_82279;Einzelstück;TD_22_00648;Instantiation of - Zug : Hotel Ochsen;Zug : Hotel Ochsen;https://www.wikidata.org/wiki/Q85724891;;Photoglob, Zürich ;Farbe: s/w Text: ja;Elektronische Speichermedien (Digitalisiert) (digitalisiert übernommen);1901;;Ansichtskarte;;;;;https://www.wikidata.org/wiki/Q68144;Zug
B_E03_167237;RecordSet;B_E06_167237_001;Instantiation;167237;E03_82279;Einzelstück;TD_22_00654;Instantiation of - Zug : Hotel Ochsen : Kolinplatz;Zug : Hotel Ochsen : Kolinplatz;https://www.foto-ch.ch/?a=fotograph&id=29547;Person;Eugen Grau, Zug ;Farbe: s/w Text: nein;Elektronische Speichermedien (Digitalisiert) (digitalisiert übernommen);1939;;Ansichtskarte;;;;;https://www.wikidata.org/wiki/Q68144;Zug
B_E03_167265;RecordSet;B_E06_167265_001;Instantiation;167265;E03_82279;Einzelstück;TD_22_00661;Instantiation of - Zug : Kolinplatz mit Brunnen, Stadthaus, Hotel Ochsen : Schweiz / Suisse / Switzerland;Zug : Kolinplatz mit Brunnen, Stadthaus, Hotel Ochsen : Schweiz / Suisse / Switzerland;https://www.wikidata.org/wiki/Q85724891;;Photoglob, Zürich ;Farbe: farbig Text: nein;Elektronische Speichermedien (Digitalisiert) (digitalisiert übernommen);Undatiert;;Ansichtskarte;;;;;https://www.wikidata.org/wiki/Q68144;Zug
B_E03_167711;RecordSet;B_E06_167711_001;Instantiation;167711;E03_82279;Einzelstück;TD_22_00772;Instantiation of - Bürgerspital in Zug;Bürgerspital in Zug;;;;Farbe: s/w Text: nein;Elektronische Speichermedien (Digitalisiert) (digitalisiert übernommen);Undatiert;;Ansichtskarte;https://www.wikidata.org/wiki/Q111594077;Person;J.M. Weber-Strebel;;https://www.wikidata.org/wiki/Q68144;Zug
B_E03_167767;RecordSet;B_E06_167767_001;Instantiation;167767;E03_82279;Einzelstück;TD_22_00786;Instantiation of - Zug : Bürgerspital;Zug : Bürgerspital;;;;Farbe: farbig Text: nein;Elektronische Speichermedien (Digitalisiert) (digitalisiert übernommen);Undatiert;;Ansichtskarte;https://www.wikidata.org/wiki/Q111594077;Person;J.M. Weber-Strebel;;https://www.wikidata.org/wiki/Q68144;Zug
B_E03_167811;RecordSet;B_E06_167811_001;Instantiation;167811;E03_82279;Einzelstück;TD_22_00797;Instantiation of - Bürgerspital, Zug;Bürgerspital, Zug;https://www.foto-ch.ch/?a=fotograph&id=29547;Person;Eugen Grau, Zug ;Fotograf: Eugen Grau, Zug Farbe: s/w Text: nein;Elektronische Speichermedien (Digitalisiert) (digitalisiert übernommen);1949;;Ansichtskarte;https://www.foto-ch.ch/?a=fotograph&id=29547;Person;Eugen Grau;;https://www.wikidata.org/wiki/Q68144;Zug
B_E03_167819;RecordSet;B_E06_167819_001;Instantiation;167819;E03_82279;Einzelstück;TD_22_00799;Instantiation of - Flugaufnahme Bürgerspital Zug;Flugaufnahme Bürgerspital Zug;http://example.org/base/J. Gaberell, Thalwil ;Person;J. Gaberell, Thalwil ;Fotograf: keine Angabe Farbe: s/w Text: nein;Elektronische Speichermedien (Digitalisiert) (digitalisiert übernommen);Undatiert;;Ansichtskarte;;;;;https://www.wikidata.org/wiki/Q68144;Zug
B_E03_168550;RecordSet;B_E06_168550_001;Instantiation;168550;E03_82279;Einzelstück;TD_22_00981;Instantiation of - Gruss aus Menzingen (Besitzer: Clemens Hegglin z. Ochsen);Gruss aus Menzingen (Besitzer: Clemens Hegglin z. Ochsen);;;;Farbe: s/w Text: nein;Elektronische Speichermedien (Digitalisiert) (digitalisiert übernommen);Undatiert;;Ansichtskarte;;;;;https://www.wikidata.org/wiki/Q66050;Menzingen
B_E03_178773;RecordSet;B_E06_178773_001;Instantiation;178773;E03_82279;Einzelstück;TD_22_01038;Instantiation of - Gruss aus Neuheim : Ct. Zug : Kirche, Gasthaus z. Ochsen, Schulhaus;Gruss aus Neuheim : Ct. Zug : Kirche, Gasthaus z. Ochsen, Schulhaus;;;;Farbe: farbig Text: nein;Elektronische Speichermedien (Digitalisiert) (digitalisiert übernommen);Undatiert;;Ansichtskarte;https://www.wikidata.org/wiki/Q111594077;Person;J.M. Weber-Strebel;;https://www.wikidata.org/wiki/Q65986;Neuheim
B_E03_178777;RecordSet;B_E06_178777_001;Instantiation;178777;E03_82279;Einzelstück;TD_22_01039;Instantiation of - Gruss aus Neuheim : Gasthaus zum Falken, Neuheim Ct. Zug, Hinterburg;Gruss aus Neuheim : Gasthaus zum Falken, Neuheim Ct. Zug, Hinterburg;http://example.org/base/Carl Künzli, Zürich ;Person;Carl Künzli, Zürich ;Farbe: s/w Text: nein;Elektronische Speichermedien (Digitalisiert) (digitalisiert übernommen);Undatiert;;Ansichtskarte;http://example.org/base/J. Etter, z. Ochsen, Neuheim;Person;J. Etter, z. Ochsen, Neuheim;;https://www.wikidata.org/wiki/Q65986;Neuheim
B_E03_178925;RecordSet;B_E06_178925_001;Instantiation;178925;E03_82279;Einzelstück;TD_22_01076;Instantiation of - Gruss aus Ober-Aegeri : Kirche, Generalansicht, Gasthaus zum Ochsen;Gruss aus Ober-Aegeri : Kirche, Generalansicht, Gasthaus zum Ochsen;http://example.org/base/J. Kündig, Zug ;Person;J. Kündig, Zug ;Farbe: farbig Text: nein;Elektronische Speichermedien (Digitalisiert) (digitalisiert übernommen);1901;;Ansichtskarte;;;;;https://www.wikidata.org/wiki/Q65017;Oberägeri
B_E03_179681;RecordSet;B_E06_179681_001;Instantiation;179681;E03_82279;Einzelstück;TD_22_01264;Instantiation of - Seegfrörni 1963;Seegfrörni 1963;http://example.org/base/Polydruck, Dietikon ZH ;;Polydruck, Dietikon ZH ;Farbe: s/w Text: nein;Elektronische Speichermedien (Digitalisiert) (digitalisiert übernommen);1963;;Ansichtskarte;;;;;https://www.wikidata.org/wiki/Q14436;Zugersee
B_E03_185847;RecordSet;B_E06_185847_001;Instantiation;185847;E03_185846;Bestand;TD_23;Instantiation of - Glasplattensammlung;Glasplattensammlung;;;Verschiedene;Sammlung von  Glasplattennegativen unterschiedlichen Ursprung;Elektronische Speichermedien (Digitalisiert) (digitalisiert übernommen);ca. 1840 - 1930;3’623;Fotografie;;;;;;
B_E03_185847_00062;RecordSet;B_E06_185847_00062_001;Instantiation;185847_00062;E03_185847;Einzelstück;TD_23_00062;Instantiation of - Erste Berghütte als Gaststädte beim Wildspitz;Erste Berghütte als Gaststädte beim Wildspitz;;;;;Elektronische Speichermedien (Digitalisiert) (digitalisiert übernommen);1855 - 1888;;Fotografie;https://www.wikidata.org/wiki/Q98931764;Person;Katharina Weiss;8,5x10;https://www.wikidata.org/wiki/Q22617338;Wildspitz
B_E03_185847_00072;RecordSet;B_E06_185847_00072_001;Instantiation;185847_00072;E03_185847;Einzelstück;TD_23_00072;Instantiation of - Stadt Zug vom See aus gesehen, ZG, Datierung durch das Schiff;Stadt Zug vom See aus gesehen, ZG, Datierung durch das Schiff;;;;;Elektronische Speichermedien (Digitalisiert) (digitalisiert übernommen);1880;;Fotografie;https://www.wikidata.org/wiki/Q98931764;Person;Katharina Weiss;7,5x10;https://www.wikidata.org/wiki/Q68144;Zug
B_E03_185847_00073;RecordSet;B_E06_185847_00073_001;Instantiation;185847_00073;E03_185847;Einzelstück;TD_23_00073;Instantiation of - Platz hinter dem Burgbachschulhaus mit 3 Dromedaren, Stadt Zug, ZG;Platz hinter dem Burgbachschulhaus mit 3 Dromedaren, Stadt Zug, ZG;;;;;Elektronische Speichermedien (Digitalisiert) (digitalisiert übernommen);1865;;Fotografie;https://www.wikidata.org/wiki/Q98931764;Person;Katharina Weiss;8,5x10;http://example.org/base/SchulhausBurgbach;SchulhausBurgbach
B_E03_185847_00076;RecordSet;B_E06_185847_00076_001;Instantiation;185847_00076;E03_185847;Einzelstück;TD_23_00076;Instantiation of - Die Burg in der Altstadt von Zug;Die Burg in der Altstadt von Zug;;;;;Elektronische Speichermedien (Digitalisiert) (digitalisiert übernommen);1840;;Fotografie;https://www.wikidata.org/wiki/Q98931764;Person;Katharina Weiss;8,5x10;https://www.wikidata.org/wiki/Q186586;BurgZug
B_E03_185847_00261;RecordSet;B_E06_185847_00261_001;Instantiation;185847_00261;E03_185847;Einzelstück;TD_23_00261;Instantiation of - Zeichnung des Löberentores von 1840;Zeichnung des Löberentores von 1840;;;;;Elektronische Speichermedien (Digitalisiert) (digitalisiert übernommen);1840;;Fotografie;https://www.wikidata.org/wiki/Q98931764;Person;Katharina Weiss;9x12;https://www.wikidata.org/wiki/Q68144;Zug
B_E03_185847_00266;RecordSet;B_E06_185847_00266_001;Instantiation;185847_00266;E03_185847;Einzelstück;TD_23_00266;Instantiation of - Zeichnung des Löberentores von 1840;Zeichnung des Löberentores von 1840;;;;;Elektronische Speichermedien (Digitalisiert) (digitalisiert übernommen);1840;;Fotografie;https://www.wikidata.org/wiki/Q98931764;Person;Katharina Weiss;9x12;https://www.wikidata.org/wiki/Q68144;Zug
B_E03_185847_00667;RecordSet;B_E06_185847_00667_001;Instantiation;185847_00667;E03_185847;Einzelstück;TD_23_00667;Instantiation of - Kolinplatz 17, Hotel Ochsen im Hintergrund;Kolinplatz 17, Hotel Ochsen im Hintergrund;;; ;;Elektronische Speichermedien (Digitalisiert) (digitalisiert übernommen);Undatiert;;Fotografie;;;;9x12;http://example.org/base/Kolinplatz;Kolinplatz
B_E03_185847_00703;RecordSet;B_E06_185847_00703_001;Instantiation;185847_00703;E03_185847;Einzelstück;TD_23_00703;Instantiation of - Die Kaserne von Zug an der St. Oswaldsgasse, seit 1983 befindet sich im Gebäude die Stadt Bibliothek Zug und das städtische Archiv darin;Die Kaserne von Zug an der St. Oswaldsgasse, seit 1983 befindet sich im Gebäude die Stadt Bibliothek Zug und das städtische Archiv darin;;; ;;Elektronische Speichermedien (Digitalisiert) (digitalisiert übernommen);vor 1894;;Fotografie;;;;9x12;https://geo.ld.admin.ch/location/address/101239133; St.-Oswalds-Gasse 21
B_E03_185847_00705;RecordSet;B_E06_185847_00705_001;Instantiation;185847_00705;E03_185847;Einzelstück;TD_23_00705;Instantiation of - Rekruten oder Soldaten vor der Kaserne, heute Bibliothek Zug;Rekruten oder Soldaten vor der Kaserne, heute Bibliothek Zug;;; ;;Elektronische Speichermedien (Digitalisiert) (digitalisiert übernommen);nach 1914;;Fotografie;;;;9x12;https://geo.ld.admin.ch/location/address/101239133; St.-Oswalds-Gasse 21
B_E03_185847_00706;RecordSet;B_E06_185847_00706_001;Instantiation;185847_00706;E03_185847;Einzelstück;TD_23_00706;Instantiation of - Kaserne Zug an der St. Oswaldsgasse, heute Bibliothek Zug;Kaserne Zug an der St. Oswaldsgasse, heute Bibliothek Zug;;; ;;Elektronische Speichermedien (Digitalisiert) (digitalisiert übernommen);vor 1894;;Fotografie;;;;9x12;https://geo.ld.admin.ch/location/address/101239133; St.-Oswalds-Gasse 21
B_E03_185847_00719;RecordSet;B_E06_185847_00719_001;Instantiation;185847_00719;E03_185847;Einzelstück;TD_23_00719;Instantiation of - Kaserne Zug an der St. Oswaldsgasse, heute Stadt Bibliothek Zug;Kaserne Zug an der St. Oswaldsgasse, heute Stadt Bibliothek Zug;;; ;;Elektronische Speichermedien (Digitalisiert) (digitalisiert übernommen);nach 1894;;Fotografie;;;;9x12;https://geo.ld.admin.ch/location/address/101239133; St.-Oswalds-Gasse 21
B_E03_185847_00727;RecordSet;B_E06_185847_00727_001;Instantiation;185847_00727;E03_185847;Einzelstück;TD_23_00727;Instantiation of - Kolinplatz (neu) und Zytturm von der Ägeristrasse aus aufgenommen, neben dem Hotel Ochsen. Wandgemälde von Christian Schmid am Turm wurde 1954 wieer entfernt;Kolinplatz (neu) und Zytturm von der Ägeristrasse aus aufgenommen, neben dem Hotel Ochsen. Wandgemälde von Christian Schmid am Turm wurde 1954 wieer entfernt;;; ;;Elektronische Speichermedien (Digitalisiert) (digitalisiert übernommen);1901 - 1905;;Fotografie;;;;9x12;http://example.org/base/Kolinplatz;Kolinplatz
B_E03_185847_00736;RecordSet;B_E06_185847_00736_001;Instantiation;185847_00736;E03_185847;Einzelstück;TD_23_00736;Instantiation of - vermutlich das alte Bürgerspital erbaut 1857 an der Artherstrasse, heute am gleichem Standort das ehemaliges Kantonspital von Zug, mehrere Umbauten und Veränderungen lassen nicht mehr usrpüngliche Form erkennen.;vermutlich das alte Bürgerspital erbaut 1857 an der Artherstrasse, heute am gleichem Standort das ehemaliges Kantonspital von Zug, mehrere Umbauten und Veränderungen lassen nicht mehr usrpüngliche Form erkennen.;;; ;;Elektronische Speichermedien (Digitalisiert) (digitalisiert übernommen);Undatiert;;Fotografie;;;;9x12;http://example.org/base/BürgerspitalZug;BürgerspitalZug
B_E03_185847_00737;RecordSet;B_E06_185847_00737_001;Instantiation;185847_00737;E03_185847;Einzelstück;TD_23_00737;Instantiation of - vermutlich das alte Bürgerspital erbaut 1857 an der Artherstrasse, heute am gleichem Standort das ehemaliges Kantonspital von Zug, mehrere Umbauten und Veränderungen lassen nicht mehr usrpüngliche Form erkennen.;vermutlich das alte Bürgerspital erbaut 1857 an der Artherstrasse, heute am gleichem Standort das ehemaliges Kantonspital von Zug, mehrere Umbauten und Veränderungen lassen nicht mehr usrpüngliche Form erkennen.;;; ;;Elektronische Speichermedien (Digitalisiert) (digitalisiert übernommen);Undatiert;;Fotografie;;;;9x12;http://example.org/base/BürgerspitalZug;BürgerspitalZug
B_E03_185847_00743;RecordSet;B_E06_185847_00743_001;Instantiation;185847_00743;E03_185847;Einzelstück;TD_23_00743;Instantiation of - Kaserne der Stadt Zug, heute Bibliothek Zug;Kaserne der Stadt Zug, heute Bibliothek Zug;;; ;;Elektronische Speichermedien (Digitalisiert) (digitalisiert übernommen);Undatiert;;Fotografie;;;;9x12;https://geo.ld.admin.ch/location/address/101239133; St.-Oswalds-Gasse 21
B_E03_185847_00744;RecordSet;B_E06_185847_00744_001;Instantiation;185847_00744;E03_185847;Einzelstück;TD_23_00744;Instantiation of - Inspektion oder Apell von Soldaten vor der Kaserne der Stadt Zug, heute Bibliothek Zug;Inspektion oder Apell von Soldaten vor der Kaserne der Stadt Zug, heute Bibliothek Zug;;; ;;Elektronische Speichermedien (Digitalisiert) (digitalisiert übernommen);Undatiert;;Fotografie;;;;9x12;https://geo.ld.admin.ch/location/address/101239133; St.-Oswalds-Gasse 21
B_E03_185847_00746;RecordSet;B_E06_185847_00746_001;Instantiation;185847_00746;E03_185847;Einzelstück;TD_23_00746;Instantiation of - vermutlich das alte Bürgerspital erbaut 1857 an der Artherstrasse, heute am gleichem Standort das ehemaliges Kantonspital von Zug, mehrere Umbauten und Veränderungen lassen nicht mehr usrpüngliche Form erkennen.;vermutlich das alte Bürgerspital erbaut 1857 an der Artherstrasse, heute am gleichem Standort das ehemaliges Kantonspital von Zug, mehrere Umbauten und Veränderungen lassen nicht mehr usrpüngliche Form erkennen.;;; ;;Elektronische Speichermedien (Digitalisiert) (digitalisiert übernommen);Undatiert;;Fotografie;;;;9x12;http://example.org/base/BürgerspitalZug;BürgerspitalZug
B_E03_185847_00764;RecordSet;B_E06_185847_00764_001;Instantiation;185847_00764;E03_185847;Einzelstück;TD_23_00764;Instantiation of - Erster Bahnhof von Zug. Einweihungsfeier;Erster Bahnhof von Zug. Einweihungsfeier;https://www.wikidata.org/wiki/Q98931764;Person;Katharina Weiss;;Elektronische Speichermedien (Digitalisiert) (digitalisiert übernommen);1865;;Fotografie;;;;9x12;http://example.org/base/1. BahnhofZug;1. BahnhofZug
B_E03_185847_00784;RecordSet;B_E06_185847_00784_001;Instantiation;185847_00784;E03_185847;Einzelstück;TD_23_00784;Instantiation of - Erster Bahnhof von Zug. Einweihungsfeier;Erster Bahnhof von Zug. Einweihungsfeier;https://www.wikidata.org/wiki/Q98931764;Person;Katharina Weiss;;Elektronische Speichermedien (Digitalisiert) (digitalisiert übernommen);1865;;Fotografie;;;;9x12;http://example.org/base/1. BahnhofZug;1. BahnhofZug
B_E03_185847_00855;RecordSet;B_E06_185847_00855_001;Instantiation;185847_00855;E03_185847;Einzelstück;TD_23_00855;Instantiation of - St. Oswalds-Gasse, das Knabenschulhaus und die Kaserne im Vordergrund;St. Oswalds-Gasse, das Knabenschulhaus und die Kaserne im Vordergrund;;; ;;Elektronische Speichermedien (Digitalisiert) (digitalisiert übernommen);Undatiert;;Fotografie;;;;9x12;https://geo.ld.admin.ch/location/address/101239133; St.-Oswalds-Gasse 21
B_E03_185847_00896;RecordSet;B_E06_185847_00896_001;Instantiation;185847_00896;E03_185847;Einzelstück;TD_23_00896;Instantiation of - Kolinplatz mit Droschken vor dem Hotel Ochsen;Kolinplatz mit Droschken vor dem Hotel Ochsen;;; ;;Elektronische Speichermedien (Digitalisiert) (digitalisiert übernommen);Undatiert;;Fotografie;;;;9x12;http://example.org/base/Kolinplatz;Kolinplatz
B_E03_185847_01001;RecordSet;B_E06_185847_01001_001;Instantiation;185847_01001;E03_185847;Einzelstück;TD_23_01001;Instantiation of - Kaserne Zug an der St. Oswaldsgasse mit Personen vor dem Gebäude, heute Bibliothek Zug;Kaserne Zug an der St. Oswaldsgasse mit Personen vor dem Gebäude, heute Bibliothek Zug;;; ;;Elektronische Speichermedien (Digitalisiert) (digitalisiert übernommen);1902;;Fotografie;;;;9x12;https://geo.ld.admin.ch/location/address/101239133; St.-Oswalds-Gasse 21
B_E03_185847_01041;RecordSet;B_E06_185847_01041_001;Instantiation;185847_01041;E03_185847;Einzelstück;TD_23_01041;Instantiation of - Altes Knabenschulhaus und Kaserne bei der St. Oswalds-Gasse;Altes Knabenschulhaus und Kaserne bei der St. Oswalds-Gasse;;; ;;Elektronische Speichermedien (Digitalisiert) (digitalisiert übernommen);1902;;Fotografie;;;;9x12;https://geo.ld.admin.ch/location/address/101239133; St.-Oswalds-Gasse 21
B_E03_185847_01046;RecordSet;B_E06_185847_01046_001;Instantiation;185847_01046;E03_185847;Einzelstück;TD_23_01046;Instantiation of - Bau des Neustadtschulhaus hinter der Reformierten Kirche Zug;Bau des Neustadtschulhaus hinter der Reformierten Kirche Zug;;; ;;Elektronische Speichermedien (Digitalisiert) (digitalisiert übernommen);39934;;Fotografie;;;;9x12;https://geo.ld.admin.ch/location/address/100307000;Neustadtschulhaus
B_E03_185847_01069;RecordSet;B_E06_185847_01069_001;Instantiation;185847_01069;E03_185847;Einzelstück;TD_23_01069;Instantiation of - Altes Knabenschulhaus und Kaserne bei der St. Oswaldsgasse, im Hintergrund ist die St. Oswalds Kirche und das Zeughaus von Zug;Altes Knabenschulhaus und Kaserne bei der St. Oswaldsgasse, im Hintergrund ist die St. Oswalds Kirche und das Zeughaus von Zug;;; ;;Elektronische Speichermedien (Digitalisiert) (digitalisiert übernommen);1910;;Fotografie;;;;9x12;https://geo.ld.admin.ch/location/address/101239133; St.-Oswalds-Gasse 21
B_E03_185847_01405;RecordSet;B_E06_185847_01405_001;Instantiation;185847_01405;E03_185847;Einzelstück;TD_23_01405;Instantiation of - Das Knabenschulhaus der Stadt Zug mit der alten Kaserne und dem Zeughaus. Im Hintergrund der Pulver- und Huwilerturm der Stadtbefestigung, sowie der Kirchturm St. Oswald, Stadt Zug, ZG;Das Knabenschulhaus der Stadt Zug mit der alten Kaserne und dem Zeughaus. Im Hintergrund der Pulver- und Huwilerturm der Stadtbefestigung, sowie der Kirchturm St. Oswald, Stadt Zug, ZG;;; ;;Elektronische Speichermedien (Digitalisiert) (digitalisiert übernommen);41518;;Fotografie;;;;9x12;https://geo.ld.admin.ch/location/address/101239133; St.-Oswalds-Gasse 21
B_E03_185847_01490;RecordSet;B_E06_185847_01490_001;Instantiation;185847_01490;E03_185847;Einzelstück;TD_23_01490;Instantiation of - Familienfoto beim Theater Casino von Zug, im Hintergrund kann man den Turm der Liebfrauenkapelle erkennen;Familienfoto beim Theater Casino von Zug, im Hintergrund kann man den Turm der Liebfrauenkapelle erkennen;;; ;;Elektronische Speichermedien (Digitalisiert) (digitalisiert übernommen);1913;;Fotografie;;;;9x12;https://geo.ld.admin.ch/location/address/100293767;CasinoZug, Artherstrasse 4
B_E03_185847_01942;RecordSet;B_E06_185847_01942_001;Instantiation;185847_01942;E03_185847;Einzelstück;TD_23_01942;Instantiation of - Kleidergeschäft von Joseph Vogel, Kasernenplatz Luzern;Kleidergeschäft von Joseph Vogel, Kasernenplatz Luzern;https://www.wikidata.org/wiki/Q111594077;Person;Joseph Maria Weber-Strebel;;Elektronische Speichermedien (Digitalisiert) (digitalisiert übernommen);11.02.1894;;Fotografie;;;;9x12;http://example.org/base/Kasernenplatz;Kasernenplatz
B_E03_185847_01943;RecordSet;B_E06_185847_01943_001;Instantiation;185847_01943;E03_185847;Einzelstück;TD_23_01943;Instantiation of - Kleidergeschäft von Joseph Vogel, Kasernenplatz Luzern;Kleidergeschäft von Joseph Vogel, Kasernenplatz Luzern;https://www.wikidata.org/wiki/Q111594077;Person;Joseph Maria Weber-Strebel;;Elektronische Speichermedien (Digitalisiert) (digitalisiert übernommen);11.02.1894;;Fotografie;;;;9x12;http://example.org/base/Kasernenplatz;Kasernenplatz
B_E03_185847_02614;RecordSet;B_E06_185847_02614_001;Instantiation;185847_02614;E03_185847;Einzelstück;TD_23_02614;Instantiation of - Die Kaserne der Stadt Zug, heute Bibliothek;Die Kaserne der Stadt Zug, heute Bibliothek;;; ;;Elektronische Speichermedien (Digitalisiert) (digitalisiert übernommen);ca. 1893;;Fotografie;;;;12x16;https://geo.ld.admin.ch/location/address/101239133; St.-Oswalds-Gasse 21
B_E03_185847_02639;RecordSet;B_E06_185847_02639_001;Instantiation;185847_02639;E03_185847;Einzelstück;TD_23_02639;Instantiation of - Hotel Löwen am See beim Landsgemeindeplatz Zug;Hotel Löwen am See beim Landsgemeindeplatz Zug;https://www.wikidata.org/wiki/Q98931764;Person;Katharina Weiss;;Elektronische Speichermedien (Digitalisiert) (digitalisiert übernommen);1884;;Fotografie;;;;13x18;http://example.org/base/Landsgemeindeplatz;Landsgemeindeplatz
B_E03_185847_02819;RecordSet;B_E06_185847_02819_001;Instantiation;185847_02819;E03_185847;Einzelstück;TD_23_02819;Instantiation of - Kolinplatz mit Kolinbrunnen und Hotel Ochsen im Hintergrund;Kolinplatz mit Kolinbrunnen und Hotel Ochsen im Hintergrund;;; ;;Elektronische Speichermedien (Digitalisiert) (digitalisiert übernommen);Undatiert;;Fotografie;;;;13x18;http://example.org/base/Kolinplatz;Kolinplatz
B_E03_185847_02824;RecordSet;B_E06_185847_02824_001;Instantiation;185847_02824;E03_185847;Einzelstück;TD_23_02824;Instantiation of - Kolinplatz mit dem Brunnen und dem Hotel Ochsen, auf der Seite der Kolinplatz 13 mit dem Wandgemälde der Kappeler Milchsuppe erkennbar;Kolinplatz mit dem Brunnen und dem Hotel Ochsen, auf der Seite der Kolinplatz 13 mit dem Wandgemälde der Kappeler Milchsuppe erkennbar;;; ;;Elektronische Speichermedien (Digitalisiert) (digitalisiert übernommen);1910;;Fotografie;;;;13x18;http://example.org/base/Kolinplatz;Kolinplatz
B_E03_185847_02829;RecordSet;B_E06_185847_02829_001;Instantiation;185847_02829;E03_185847;Einzelstück;TD_23_02829;Instantiation of - Kolinplatz mit Brunnen und Hotel Ochsen mir renovierter Fassade;Kolinplatz mit Brunnen und Hotel Ochsen mir renovierter Fassade;;; ;;Elektronische Speichermedien (Digitalisiert) (digitalisiert übernommen);Undatiert;;Fotografie;;;;13x18;http://example.org/base/Kolinplatz;Kolinplatz
B_E03_185847_02938;RecordSet;B_E06_185847_02938_001;Instantiation;185847_02938;E03_185847;Einzelstück;TD_23_02938;Instantiation of - Kaserne von Zug, heute Bibliothek Zug;Kaserne von Zug, heute Bibliothek Zug;;; ;;Elektronische Speichermedien (Digitalisiert) (digitalisiert übernommen);Undatiert;;Fotografie;;;;13x18;https://geo.ld.admin.ch/location/address/101239133; St.-Oswalds-Gasse 21
B_E03_185847_02953;RecordSet;B_E06_185847_02953_001;Instantiation;185847_02953;E03_185847;Einzelstück;TD_23_02953;Instantiation of - Bild des Kolinplatzes mit altem Zollhauses und Brunnen von 1862;Bild des Kolinplatzes mit altem Zollhauses und Brunnen von 1862;https://www.wikidata.org/wiki/Q98931764;Person;Katharina Weiss;;Elektronische Speichermedien (Digitalisiert) (digitalisiert übernommen);1862;;Fotografie;;;;13x18;http://example.org/base/Kolinplatz;Kolinplatz
B_E03_185847_02966;RecordSet;B_E06_185847_02966_001;Instantiation;185847_02966;E03_185847;Einzelstück;TD_23_02966;Instantiation of - St. Oswalds-Gasse, das Knabenschulhaus und die Kaserne im Vordergrund;St. Oswalds-Gasse, das Knabenschulhaus und die Kaserne im Vordergrund;;; ;;Elektronische Speichermedien (Digitalisiert) (digitalisiert übernommen);1897;;Fotografie;;;;13x18;https://geo.ld.admin.ch/location/address/101239133; St.-Oswalds-Gasse 21
B_E03_185847_02967;RecordSet;B_E06_185847_02967_001;Instantiation;185847_02967;E03_185847;Einzelstück;TD_23_02967;Instantiation of - St. Oswalds-Gasse, das Knabenschulhaus und die Kaserne im Vordergrund;St. Oswalds-Gasse, das Knabenschulhaus und die Kaserne im Vordergrund;;; ;;Elektronische Speichermedien (Digitalisiert) (digitalisiert übernommen);1897;;Fotografie;;;;13x18;https://geo.ld.admin.ch/location/address/101239133; St.-Oswalds-Gasse 21
B_E03_185847_02969;RecordSet;B_E06_185847_02969_001;Instantiation;185847_02969;E03_185847;Einzelstück;TD_23_02969;Instantiation of - St. Oswalds-Gasse, das Knabenschulhaus und die Kaserne im Vordergrund;St. Oswalds-Gasse, das Knabenschulhaus und die Kaserne im Vordergrund;;; ;;Elektronische Speichermedien (Digitalisiert) (digitalisiert übernommen);1897;;Fotografie;;;;13x18;https://geo.ld.admin.ch/location/address/101239133; St.-Oswalds-Gasse 21
B_E03_185847_02970;RecordSet;B_E06_185847_02970_001;Instantiation;185847_02970;E03_185847;Einzelstück;TD_23_02970;Instantiation of - Kaserne der Stadt Zug, heute Stadt Bibliothek;Kaserne der Stadt Zug, heute Stadt Bibliothek;;; ;;Elektronische Speichermedien (Digitalisiert) (digitalisiert übernommen);1897;;Fotografie;;;;13x18;https://geo.ld.admin.ch/location/address/101239133; St.-Oswalds-Gasse 21
B_E03_185847_02974;RecordSet;B_E06_185847_02974_001;Instantiation;185847_02974;E03_185847;Einzelstück;TD_23_02974;Instantiation of - Die Kaserne der Stadt Zug und die Villa Flora an der Zugerbergstrasse, vom Zeughaus aus gesehen;Die Kaserne der Stadt Zug und die Villa Flora an der Zugerbergstrasse, vom Zeughaus aus gesehen;;; ;;Elektronische Speichermedien (Digitalisiert) (digitalisiert übernommen);1897;;Fotografie;;;;13x18;https://geo.ld.admin.ch/location/address/101239133; St.-Oswalds-Gasse 21
B_E03_185847_03459;RecordSet;B_E06_185847_03459_001;Instantiation;185847_03459;E03_185847;Einzelstück;TD_23_03459;Instantiation of - Stadt Zug vom Alpenquai aus gesehen vor der Vorstadtkatastrophe;Stadt Zug vom Alpenquai aus gesehen vor der Vorstadtkatastrophe;;;;;Elektronische Speichermedien (Digitalisiert) (digitalisiert übernommen);vor 1887;;Fotografie;https://www.wikidata.org/wiki/Q98931764;Person;Katharina Weiss;13x18;https://www.wikidata.org/wiki/Q68144;Zug
B_E03_185847_03485;RecordSet;B_E06_185847_03485_001;Instantiation;185847_03485;E03_185847;Einzelstück;TD_23_03485;Instantiation of - Inneres des Bürgerspitals;Inneres des Bürgerspitals;;;;;Elektronische Speichermedien (Digitalisiert) (digitalisiert übernommen);1920 - 1935;;Fotografie;https://www.foto-ch.ch/?a=fotograph&id=31647;Person;Eugen Oetiker;13x18;http://example.org/base/Bürgerspital;Bürgerspital
B_E03_185847_03486;RecordSet;B_E06_185847_03486_001;Instantiation;185847_03486;E03_185847;Einzelstück;TD_23_03486;Instantiation of - Bürgerspital von Zug;Bürgerspital von Zug;;;;;Elektronische Speichermedien (Digitalisiert) (digitalisiert übernommen);1920 - 1935;;Fotografie;https://www.foto-ch.ch/?a=fotograph&id=31647;Person;Eugen Oetiker;13x18;http://example.org/base/Bürgerspital;Bürgerspital
B_E03_185847_03498;RecordSet;B_E06_185847_03498_001;Instantiation;185847_03498;E03_185847;Einzelstück;TD_23_03498;Instantiation of - Menschen auf dem eingefrohrenen Zugersee, im Hintergrund die Altstadt zu sehen;Menschen auf dem eingefrohrenen Zugersee, im Hintergrund die Altstadt zu sehen;;; ;;Elektronische Speichermedien (Digitalisiert) (digitalisiert übernommen);1895;;Fotografie;;;;13x18;https://www.wikidata.org/wiki/Q14436;Zugersee
B_E03_185847_03559;RecordSet;B_E06_185847_03559_001;Instantiation;185847_03559;E03_185847;Einzelstück;TD_23_03559;Instantiation of - Zwei Häuser vermutlich am Zugersee, Ort unbekannt;Zwei Häuser vermutlich am Zugersee, Ort unbekannt;;;;;Elektronische Speichermedien (Digitalisiert) (digitalisiert übernommen);Undatiert;;Fotografie;https://www.wikidata.org/wiki/Q98931764;Person;Katharina Weiss;18x24;https://www.wikidata.org/wiki/Q14436;Zugersee
B_E03_185847_03560;RecordSet;B_E06_185847_03560_001;Instantiation;185847_03560;E03_185847;Einzelstück;TD_23_03560;Instantiation of - Mehrere grosse Häuser vermutlich an der Poststrasse in Zug;Mehrere grosse Häuser vermutlich an der Poststrasse in Zug;;;;;Elektronische Speichermedien (Digitalisiert) (digitalisiert übernommen);Undatiert;;Fotografie;https://www.wikidata.org/wiki/Q98931764;Person;Katharina Weiss;18x24;https://www.wikidata.org/wiki/Q14436;Zugersee
B_E03_185847_03561;RecordSet;B_E06_185847_03561_001;Instantiation;185847_03561;E03_185847;Einzelstück;TD_23_03561;Instantiation of - Erstes Bahnhofsgebäude von Zug, Bild von Katharina Weiss;Erstes Bahnhofsgebäude von Zug, Bild von Katharina Weiss;;;;;Elektronische Speichermedien (Digitalisiert) (digitalisiert übernommen);1866 - 1897;;Fotografie;https://www.wikidata.org/wiki/Q98931764;Person;Katharina Weiss;18x24;https://www.wikidata.org/wiki/Q68144;Zug
B_E03_185847_03562;RecordSet;B_E06_185847_03562_001;Instantiation;185847_03562;E03_185847;Einzelstück;TD_23_03562;Instantiation of - Kolinbrunnen vor dem Hotel Ochsen;Kolinbrunnen vor dem Hotel Ochsen;;;;;Elektronische Speichermedien (Digitalisiert) (digitalisiert übernommen);Undatiert;;Fotografie;https://www.wikidata.org/wiki/Q98931764;Person;Katharina Weiss;18x24;http://example.org/base/Kolinplatz;Kolinplatz
B_E03_185847_03562;RecordSet;B_E06_185847_03562_001;Instantiation;185847_03562;E03_185847;Einzelstück;TD_23_03562;Instantiation of - Kolinbrunnen vor dem Hotel Ochsen;Kolinbrunnen vor dem Hotel Ochsen;;;;;Elektronische Speichermedien (Digitalisiert) (digitalisiert übernommen);Undatiert;;Fotografie;https://www.wikidata.org/wiki/Q98931764;Person;Katharina Weiss;18x24;http://example.org/base/Kolinplatz;Kolinplatz
B_E03_185847_03566;RecordSet;B_E06_185847_03566_001;Instantiation;185847_03566;E03_185847;Einzelstück;TD_23_03566;Instantiation of - Kolinplatz, Stadt Zug, vergleiche <-> 03593;Kolinplatz, Stadt Zug, vergleiche <-> 03593;;;;;Elektronische Speichermedien (Digitalisiert) (digitalisiert übernommen);1860 - 1880;;Fotografie;https://www.wikidata.org/wiki/Q98931764;Person;Katharina Weiss;18x24;http://example.org/base/Kolinplatz;Kolinplatz
B_E03_185847_03584;RecordSet;B_E06_185847_03584_001;Instantiation;185847_03584;E03_185847;Einzelstück;TD_23_03584;Instantiation of - Baarertor mit Blick Richtung Süden zum Kolinplatz hin, ev gleichzeitig mit 3593;Baarertor mit Blick Richtung Süden zum Kolinplatz hin, ev gleichzeitig mit 3593;;;;;Elektronische Speichermedien (Digitalisiert) (digitalisiert übernommen);1873;;Fotografie;https://www.wikidata.org/wiki/Q98931764;Person;Katharina Weiss;18x24;http://example.org/base/Kolinplatz;Kolinplatz
B_E03_185847_03586;RecordSet;B_E06_185847_03586_001;Instantiation;185847_03586;E03_185847;Einzelstück;TD_23_03586;Instantiation of - Knopfliturm der Zuger Befestigungsanlage mit der Brennerei Keiser an der Aussenseite der aufgegebenen Wehranlagen;Knopfliturm der Zuger Befestigungsanlage mit der Brennerei Keiser an der Aussenseite der aufgegebenen Wehranlagen;;;;;Elektronische Speichermedien (Digitalisiert) (digitalisiert übernommen);nach 1880;;Fotografie;https://www.wikidata.org/wiki/Q98931764;Person;Katharina Weiss;18x24;https://www.wikidata.org/wiki/Q68144;Zug
B_E03_185847_03593;RecordSet;B_E06_185847_03593_001;Instantiation;185847_03593;E03_185847;Einzelstück;TD_23_03593;Instantiation of - Kolinplatz, Stadt Zug, vergleiche 3566 <-> 3593;Kolinplatz, Stadt Zug, vergleiche 3566 <-> 3593;;;;;Elektronische Speichermedien (Digitalisiert) (digitalisiert übernommen);1860 - 1880;;Fotografie;https://www.wikidata.org/wiki/Q98931764;Person;Katharina Weiss;18x24;http://example.org/base/Kolinplatz;Kolinplatz
B_E03_185847_03642;RecordSet;B_E06_185847_03642_001;Instantiation;185847_03642;E03_185847;Einzelstück;TD_23_03642;Instantiation of - Trümmerfeld bei der Vorstadt nach der Seekatastrophe;Trümmerfeld bei der Vorstadt nach der Seekatastrophe;;;;;Elektronische Speichermedien (Digitalisiert) (digitalisiert übernommen);1887;;Fotografie;https://www.wikidata.org/wiki/Q98931764;Person;Katharina Weiss;18x24;https://www.wikidata.org/wiki/Q68144;Zug
B_E03_180200;RecordSet;B_E06_180200_001;Instantiation;180200;E03_180000;Bestand;TD_4;Instantiation of - Zuger Audio;Zuger Audio;;;;;;Undatiert;;Audio;;;;;https://geo.ld.admin.ch/boundaries/canton/9;Kanton Zug
B_E03_180201;RecordSet;B_E06_180201_001;Instantiation;180201;E03_180200;Bestand;TD_41;Instantiation of - Zuger Casetten;Zuger Casetten;;;;;;Undatiert;;Audio;;;;;https://geo.ld.admin.ch/boundaries/canton/9;Kanton Zug
B_E03_180213;RecordSet;B_E06_180213_001;Instantiation;180213;E03_180201;Einzelstück;TD_41_00082;Instantiation of - Zuger Jugendorchesters, Samstag, 18. Mai 1985, Theater Casino Zug;Zuger Jugendorchesters, Samstag, 18. Mai 1985, Theater Casino Zug;;CorporateBody;Zuger Jugendorchester, Robert Zemp (Leitung);;Tonband (analog);1985;;Audio;;;;;https://geo.ld.admin.ch/location/address/100293767;TheaterCasinoZug
B_E03_180234;RecordSet;B_E06_180234_001;Instantiation;180234;E03_180201;Einzelstück;TD_41_00096;Instantiation of - 20 Jahre Laslafaria : 20 Jahre Guggenmusik : aufgenommen im Theater Casino Zug am 22.6.1982;20 Jahre Laslafaria : 20 Jahre Guggenmusik : aufgenommen im Theater Casino Zug am 22.6.1982;;CorporateBody;Laslafaria (Baar);;Tonband (analog);1982;;Audio;;;;;https://geo.ld.admin.ch/location/address/100293767;TheaterCasinoZug
B_E03_181809;RecordSet;B_E06_181809_001;Instantiation;181809;E03_180201;Einzelstück;TD_42_00336.2;Instantiation of - René Twerenbold Big Band: Theater Casino Zug 1988 (Konzert 24. März 1988), Teil 2;René Twerenbold Big Band: Theater Casino Zug 1988 (Konzert 24. März 1988), Teil 2;;CorporateBody;René Twerenbold Big Band;;Compact Disc (CD) (Digitalisiert) (digitalisiert übernommen);2004;;Audio;;;;;https://geo.ld.admin.ch/location/address/100293767;TheaterCasinoZug
B_E03_93025;RecordSet;B_E06_93025_001;Instantiation;93025;E03_180000;Bestand;TD_5;Instantiation of - Zuger Videosammlung;Zuger Videosammlung;;;;;;1929 -;;Film;;;;;;
B_E03_315926;RecordSet;B_E06_315926_001;Instantiation;315926;E03_93025;Bestand;TD_51;Instantiation of - Zuger Video;Zuger Video;;;;Digitalisierte VHS-Videos aus der Zuger Sammlung;;1929 - 2009;;Film;;;;;;
B_E03_182329;RecordSet;B_E06_182329_001;Instantiation;182329;E03_315926;Einzelstück;TD_51_00123;"Instantiation of - Chönd Sie sich erinnere? Ehemalige Angestellte der Metallwarenfabrik Zug erzählen von ihrer Arbeit (1920-1975) (Zuger Geschichtsgruppe ""1848"", ein Projekt des Vereins für Arbeitsmarktmassnahmen (VAM) (Produktion), Anna Merz (Projektleitung))";"Chönd Sie sich erinnere? Ehemalige Angestellte der Metallwarenfabrik Zug erzählen von ihrer Arbeit (1920-1975) (Zuger Geschichtsgruppe ""1848"", ein Projekt des Vereins für Arbeitsmarktmassnahmen (VAM) (Produktion), Anna Merz (Projektleitung))";;CorporateBody;"Zuger Geschichtsgruppe ""1848"", ein Projekt des Vereins für Arbeitsmarktmassnahmen (VAM) (Produktion), Anna Merz (Projektleitung)";Dauer: 40 min;Videokasette (analog);1998;;Film;;;;;;
B_E03_326645;RecordSet;B_E06_326645_001;Instantiation;326645;E03_315926;Einzelstück;TD_51_00226;Instantiation of - Seegfroerni in Zug 1929;Seegfroerni in Zug 1929;;;;A: Paul Moos Dauer: 05:02;Videokasette (Digitalisiert) (digitalisiert übernommen);15.02.1929 - 27.03.1929;;Film;http://example.org/base/Paul Moos;Person;Paul Moos;;https://www.wikidata.org/wiki/Q68144;Zug
B_E03_220304;RecordSet;B_E06_220304_001;Instantiation;220304;E03_93025;Bestand;TD_53;Instantiation of - Zuger Regionalfernsehversuche (ZRFV);Zuger Regionalfernsehversuche (ZRFV);;;;;;1980 - 1986;;Film;;;;;;
B_E03_222244;RecordSet;B_E06_222244_001;Instantiation;222244;E03_220304;Einzelstück;TD_53_18;Instantiation of - Sendung vom 06.03.1981 - Beitrag zu Mädchenriege Zug und Skiclub Oberwil;Sendung vom 06.03.1981 - Beitrag zu Mädchenriege Zug und Skiclub Oberwil;http://example.org/base/Zuger Kabelfernsehen;CorporateBody;Zuger Kabelfernsehen;"TV_ZRFV_13.1_18 (1.13-18) Signet [00:00-00:22] Moderation: Georg Kammann [00:23-02:25; 09:56-10:35; 27:37-28:49; 35:24-38:01] Zuger Wochenschau, mit Peter Holdener (Zuger Nachrichten) [02:26-09:55, inkl. Kurzfilm ""Greth Schell""] Live-Diskussion mit den Zuger Bobfahrern Kurt Poletti und Franz Weinberger. Leitung: René Ruffieux [10:36-27:36] Beitrag: Mädchenriege Zug [28:50-35:23] Beitrag: Skiclub Oberwil [38:02-39:49] Live-Diskussion EVZ. Teilnehmer: Louis Wettstein, Josef Havlik, Georg Keiser. Leitung: Alfred Trütsch. Mit Kurzfilm vom Spiel EVZ – Servette und Phone-In für Kabelfernsehzuschauer [39:50-58:47] Dauer: 58 min Sendungsnummer: 13 Tapenummer: 18";;1981;;Film;;;;;;
B_E03_222446;RecordSet;B_E06_222446_001;Instantiation;222446;E03_220304;Einzelstück;TD_53_19;Instantiation of - Sendung vom 06.03.1981 - EVZ (Live-Diskussion);Sendung vom 06.03.1981 - EVZ (Live-Diskussion);http://example.org/base/Zuger Kabelfernsehen;CorporateBody;Zuger Kabelfernsehen;"TV_ZRFV_13.2_19 (1.13-19) Live-Diskussion EVZ [Fortsetzung; 00:00-36:27] Dauer: 36 min Sendungsnummer: 13 Tapenummer: 19";;1981;;Film;;;;;;
B_E03_220303;RecordSet;B_E06_220303_001;Instantiation;220303;E03_93025;Bestand;TD_54;Instantiation of - Zuger Film- und Videoamateure (ZFVA);Zuger Film- und Videoamateure (ZFVA);;;;;;1970 - 2014;;Film;;;;;;
B_E03_340557;RecordSet;B_E06_340557_001;Instantiation;340557;E03_220303;Einzelstück;TD_54_78;Instantiation of - 200 Jahre tmgz, Künstler;200 Jahre tmgz, Künstler;;;;Medium: DV-HDD Typ: Dokumentarilm Dauer: 00:46:36;;2008;;Film;;;;;http://example.org/base/tmgz;tmgz
B_E03_340600;RecordSet;B_E06_340600_001;Instantiation;340600;E03_220303;Einzelstück;TD_54_81;Instantiation of - 200 Jahre tmgz, Gäste;200 Jahre tmgz, Gäste;;;;Medium: DV-HDD Typ: Dokumentarfilm Dauer: 01:35:30;;2009;;Film;;;;;http://example.org/base/tmgz;tmgz
B_E03_140000;RecordSet;B_E06_140000_001;Instantiation;140000;;Bestand;ZD;Instantiation of - Zuger Dokumentation;Zuger Dokumentation;;;;;;Undatiert;;Schriftgut;;;;;;
B_E03_140430;RecordSet;B_E06_140430_001;Instantiation;140430;E03_140000;Bestand;ZD.1;Instantiation of - Politik. Verwaltung. Justiz. Militär;Politik. Verwaltung. Justiz. Militär;;;;;;1887 - ;;Schriftgut;;;;;;
B_E03_141638;RecordSet;B_E06_141638_001;Instantiation;141638;E03_140430;Bestand;ZD.15;Instantiation of - Personen;Personen;;;;;;1887 - ;;Schriftgut;;;;;;
B_E03_141639;RecordSet;B_E06_141639_001;Instantiation;141639;E03_141638;Serie;ZD.15.0.100;Instantiation of - Personen A - Z;Personen A - Z;;;;;;1887 - ;;Schriftgut;;;;;;
B_E03_141738;RecordSet;B_E06_141738_001;Instantiation;141738;E03_141639;Dossier;ZD.15.0.100_71;Instantiation of - Etter Philipp;Etter Philipp;;;;"Stichworte:  *1891; †1977  Kantonsrat CVP 1919 - 1922 und 1924 - 1934  Regierungsrat CVP 1923 - 1934  Ständerat CVP 1930 - 1934  Bundesrat CVP 1934 - 1959  ";;1934 - ;;Schriftgut;;;;;;
B_E03_141739;RecordSet;B_E06_141739_001;Instantiation;141739;E03_141738;Teildossier;ZD.15.0.100_71.1;Instantiation of - Etter Philipp (Papierdossier);Etter Philipp (Papierdossier);;;;Anzahl Dokumente: 187;Papier (Analog) (analog);1934 - 2020;1.00 Schachteln;Schriftgut;;;;;;
B_E03_141740;RecordSet;B_E06_141740_001;Instantiation;141740;E03_141738;Teildossier;ZD.15.0.100_71.2;Instantiation of - Etter Philipp (elektronisches Dossier);Etter Philipp (elektronisches Dossier);;;;;Papier (Born digital) (born digital);2020 - ;;Schriftgut;;;;;;
B_E03_143422;RecordSet;B_E06_143422_001;Instantiation;143422;E03_140000;Bestand;ZD.5;Instantiation of - Arbeit. Wirtschaft;Arbeit. Wirtschaft;;;;;;1902 -;;Schriftgut;;;;;;
B_E03_144299;RecordSet;B_E06_144299_001;Instantiation;144299;E03_143422;Bestand;ZD.56;Instantiation of - Firmen;Firmen;;;;;;1907 - ;;Schriftgut;;;;;;
B_E03_144300;RecordSet;B_E06_144300_001;Instantiation;144300;E03_144299;Serie;ZD.56.0.130;Instantiation of - Firmen;Firmen;;;;;;1907 - ;;Schriftgut;;;;;;
B_E03_144476;RecordSet;B_E06_144476_001;Instantiation;144476;E03_144300;Dossier;ZD.56.0.130_108;Instantiation of - Crypto International AG;Crypto International AG;;;;Stichworte:  Crypto AG 1952 - 2019  CyOne Security AG Crypto Schweiz AG 2018  Infoguard AG;;1965 - ;;Schriftgut;;;;;;
B_E03_144477;RecordSet;B_E06_144477_001;Instantiation;144477;E03_144476;Teildossier;ZD.56.0.130_108.1;Instantiation of - Crypto International AG (Papierdossier);Crypto International AG (Papierdossier);;;;Anzahl Dokumente: 478;Papier (Analog) (analog);1965 - 2020;2.00 Schachteln;Schriftgut;;;;;;
B_E03_314301;RecordSet;B_E06_314301_001;Instantiation;314301;E03_144476;Einzelstück;ZD.56.0.130_108.2;Instantiation of - Geheimdienst wusste noch mehr (Zuger Zeitung);Geheimdienst wusste noch mehr (Zuger Zeitung);http://example.org/base/Zuger Zeitung;CorporateBody;Zuger Zeitung; Ausgabe: 240 Seite: 6 Untertitel: Die Crypto-Geräte beim Bund sind angeblich heute noch undicht – Nachrichtendienst blockte Warner immer ab.  Henry Habegger;;17.10.2020;;Schriftgut;http://example.org/base/Henry Habegger;Person;Henry Habegger;;;
B_E03_313205;RecordSet;B_E06_313205_001;Instantiation;313205;E03_144476;Einzelstück;ZD.56.0.130_108.2;Instantiation of - Geheimdienst war ausser Kontrolle (Zuger Zeitung);Geheimdienst war ausser Kontrolle (Zuger Zeitung);http://example.org/base/Zuger Zeitung;CorporateBody;Zuger Zeitung; Ausgabe: 261 Seite: 7 Untertitel: Aufarbeitung Crypto-Affäre: Der Untersuchungsbericht zeigt dass der Nachrichtendienst ohne Wissen der Regierung mit der CIA kooperierte.  Henry Habegger;;11.11.2020;;Schriftgut;http://example.org/base/Henry Habegger;Person;Henry Habegger;;;
B_E03_220423;RecordSet;B_E06_220423_001;Instantiation;220423;E03_144476;Einzelstück;ZD.56.0.130_108.2;Instantiation of - Bundesrat machte in Crypto-Affäre so ziemlich alles falsch (Tages Anzeiger);Bundesrat machte in Crypto-Affäre so ziemlich alles falsch (Tages Anzeiger);https://www.wikidata.org/wiki/Q677683;CorporateBody;Tages Anzeiger; Ausgabe: Nr. 262 Seite: 4 Untertitel: Harsche Kritik Die Geschäftsprüfer werfen der Regierung zahlreiche Fehler nach dem  Kurt Pelda et al.;;10.11.2020;;Schriftgut;https://www.wikidata.org/wiki/Q21498088;Person;Kurt Pelda;;;
B_E03_313181;RecordSet;B_E06_313181_001;Instantiation;313181;E03_144476;Einzelstück;ZD.56.0.130_108.2;Instantiation of - Adolf Ogi der vergessene Bundesrat (Zuger Zeitung);Adolf Ogi der vergessene Bundesrat (Zuger Zeitung);http://example.org/base/Zuger Zeitung;CorporateBody;Zuger Zeitung; Ausgabe: 263 Seite: 6 Untertitel: Der frühere SVP-Magistrat war zur Zeit der Crypto-Affäre Verteidigungsminister. Seine Einschätzung war bei der Aufarbeitung jedoch nicht gefragt.  Lucien Fluri;;13.11.2020;;Schriftgut;http://example.org/base/Lucien Fluri;Person;Lucien Fluri;;;
B_E03_220425;RecordSet;B_E06_220425_001;Instantiation;220425;E03_144476;Einzelstück;ZD.56.0.130_108.2;Instantiation of - Die halbe Untersuchung (Tages Anzeiger);Die halbe Untersuchung (Tages Anzeiger);https://www.wikidata.org/wiki/Q677683;CorporateBody;Tages Anzeiger; Ausgabe: Nr. 273 Seite: 3 Untertitel: Crypto-Affäre War der Bundesrat tatsächlich nicht über das wichtigste Geheimdienstprojekt der Schweiz der Nachkriegszeit informiert wie eine parlamentarische Untersuchung ergab? Die Kronzeugen wurden für die Untersuchung nicht befragt.  Res Strehle;;23.11.2020;;Schriftgut;https://www.wikidata.org/wiki/Q2145516;Person;Res Strehle;;;
B_E03_220419;RecordSet;B_E06_220419_001;Instantiation;220419;E03_144476;Einzelstück;ZD.56.0.130_108.2;Instantiation of - Die Schweiz machte aktiv bei Bespitzelung mit (Tages Anzeiger);Die Schweiz machte aktiv bei Bespitzelung mit (Tages Anzeiger);https://www.wikidata.org/wiki/Q677683;CorporateBody;Tages Anzeiger; Ausgabe: Nr. 260 Seite: 9 Untertitel: Unkontrollierter Nachrichtendienst Das bestgehütete Geheimnis des Schweizer Geheimdienstes  Res Strehle et al.;;07.11.2020;;Schriftgut;https://www.wikidata.org/wiki/Q2145516;Person;Res Strehle;;;
B_E03_144478;RecordSet;B_E06_144478_001;Instantiation;144478;E03_144476;Teildossier;ZD.56.0.130_108.2;Instantiation of - Crypto International AG (elektronisches Dossier);Crypto International AG (elektronisches Dossier);;;;;Papier (Born digital) (born digital);2020 - ;;Schriftgut;;;;;;
B_E03_220475;RecordSet;B_E06_220475_001;Instantiation;220475;E03_144476;Einzelstück;ZD.56.0.130_108.2;Instantiation of - Professor Maurer und die NSA (WOZ Die Wochenzeitung);Professor Maurer und die NSA (WOZ Die Wochenzeitung);https://www.wikidata.org/wiki/Q684726;CorporateBody;WOZ Die Wochenzeitung;"Ausgabe: Nr. 48 Seite: 3 Untertitel: Manipulierte Chiffriergeräte beim Schweizer Geheimdienst ein Anwerbungsversuch der NSA an der ETH: Recherchen von WOZ und ""Rundschau"" belegen";;Undatiert;;Schriftgut;;;;;;
B_E03_144727;RecordSet;B_E06_144727_001;Instantiation;144727;E03_144300;Dossier;ZD.56.0.130_267;Instantiation of - Metall Zug AG;Metall Zug AG;;;;Stichworte:  Metallwaren-Holding AG 1887 - 2002  Metall-Zug-Gruppe  Belimed AG F  Gehrig AG 1963 - 2005  SIBIRGroup AG;;Undatiert;;Schriftgut;;;;;;
B_E03_144728;RecordSet;B_E06_144728_001;Instantiation;144728;E03_144727;Teildossier;ZD.56.0.130_267.1;Instantiation of - Metall Zug AG (Papierdossier);Metall Zug AG (Papierdossier);;;;Anzahl Dokumente: 682;Papier (Analog) (analog);1956 - 2020;3.00 Schachteln;Schriftgut;;;;;;
B_E03_313187;RecordSet;B_E06_313187_001;Instantiation;313187;E03_144727;Einzelstück;ZD.56.0.130_267.2;Instantiation of - Metall Zug baut auf dem Areal des Tech Clusters (Zuger Zeitung);Metall Zug baut auf dem Areal des Tech Clusters (Zuger Zeitung);http://example.org/base/Zuger Zeitung;CorporateBody;Zuger Zeitung; Ausgabe: 263 Seite: 23 Untertitel: Die Metall-Zug-Gruppe plant gemeinsam mit SHL Medical ein kombiniertes Produktions- und Bürogebäude.  Carmen Rogenmoser;;13.11.2020;;Schriftgut;http://example.org/base/Carmen Rogenmoser;Person;Carmen Rogenmoser;;;
B_E03_221135;RecordSet;B_E06_221135_001;Instantiation;221135;E03_144727;Einzelstück;ZD.56.0.130_267.2;Instantiation of - Einzelne Geschäftsbereiche von Metall Zug stark betroffen (Zuger Zeitung);Einzelne Geschäftsbereiche von Metall Zug stark betroffen (Zuger Zeitung);http://example.org/base/Zuger Zeitung;CorporateBody;Zuger Zeitung; Ausgabe: Nr. 65 Seite: 11 Untertitel: Ohne das einstige Zugpferd V-Zug hat der Umsatz der Metall-Zug-Gruppe 2020 deutlich abgenommen. Vor allem Schleuniger leidet.  Christopher Gilb;;19.03.2021;;Schriftgut;http://example.org/base/Christopher Gilb;Person;Christopher Gilb;;;
B_E03_337814;RecordSet;B_E06_337814_001;Instantiation;337814;E03_144727;Einzelstück;ZD.56.0.130_267.2;Instantiation of - Zentralschweiz schlägt Novartis und Co. (Zuger Zeitung);Zentralschweiz schlägt Novartis und Co. (Zuger Zeitung);http://example.org/base/Zuger Zeitung;CorporateBody;Zuger Zeitung; Ausgabe: 117 Seite: 14 Untertitel: Würde man die stärksten regionalen Aktientitel in einen eigenen Index packen hätten SMI und SPI seit Anfang Jahr das Nachsehen.  Christopher Gilb;;22.05.2021;;Schriftgut;http://example.org/base/Christopher Gilb;Person;Christopher Gilb;;;
B_E03_321640;RecordSet;B_E06_321640_001;Instantiation;321640;E03_144727;Einzelstück;ZD.56.0.130_267.2;Instantiation of - Hochhausplanung wird immer konkreter (Zuger Presse);Hochhausplanung wird immer konkreter (Zuger Presse);http://example.org/base/Zuger Presse;CorporateBody;Zuger Presse; Ausgabe: 7 Seite: 11 Untertitel: Die Urban Assets Zug AG und die VZ Depotbank AG haben eine Absichtserklärung für den Bau eines Bürohochhauses in Zug unterzeichnet. Dazu kommt ein weiteres Hochhaus.  Florian Hofer;;16.02.2021;;Schriftgut;https://www.wikidata.org/wiki/Q88029177;Person;Florian Hofer;;;
B_E03_328986;RecordSet;B_E06_328986_001;Instantiation;328986;E03_144727;Einzelstück;ZD.56.0.130_267.2;Instantiation of - Potenzial vorhanden (Zuger Presse);Potenzial vorhanden (Zuger Presse);http://example.org/base/Zuger Presse;CorporateBody;Zuger Presse; Ausgabe: 34 Seite: 7 Untertitel: Gut aufgestellt präsentiert sich die Metall Zug Gruppe nachdem V-ZUG aus dem Verbund abgespalten wurde.  Florian Hofer;;24.08.2021;;Schriftgut;https://www.wikidata.org/wiki/Q88029177;Person;Florian Hofer;;;
B_E03_315014;RecordSet;B_E06_315014_001;Instantiation;315014;E03_144727;Einzelstück;ZD.56.0.130_267.2;Instantiation of - Metall Zug geht es ohne V-Zug gut (Zuger Zeitung);Metall Zug geht es ohne V-Zug gut (Zuger Zeitung);http://example.org/base/Zuger Zeitung;CorporateBody;Zuger Zeitung; Ausgabe: 189 Seite: 7  Maurizio Minetti;;17.08.2021;;Schriftgut;http://example.org/base/Maurizio Minetti;Person;Maurizio Minetti;;;
B_E03_144729;RecordSet;B_E06_144729_001;Instantiation;144729;E03_144727;Teildossier;ZD.56.0.130_267.2;Instantiation of - Metall Zug AG (elektronisches Dossier);Metall Zug AG (elektronisches Dossier);;;;;Papier (Born digital) (born digital);2020 - ;;Schriftgut;;;;;;
B_E03_344102;RecordSet;B_E06_344102_001;Instantiation;344102;E03_144727;Einzelstück;ZD.56.0.130_267.2;Instantiation of - Gemeinsam wollen sie stark sein (Zuger Zeitung);Gemeinsam wollen sie stark sein (Zuger Zeitung);http://example.org/base/Zuger Zeitung;CorporateBody;Zuger Zeitung; Ausgabe: 34 Seite: 9 Untertitel: Die Kabelverarbeitungsspezialisten Komax und Schleuniger wollen fusionieren. Die Eigentümerin von Schleuniger die Metall Zug;;Undatiert;;Schriftgut;;;;;;
B_E03_145614;RecordSet;B_E06_145614_001;Instantiation;145614;E03_140000;Bestand;ZD.6;Instantiation of - Gesundheit. Sozialpolitik;Gesundheit. Sozialpolitik;;;;;;1930 - ;;Schriftgut;;;;;;
B_E03_145615;RecordSet;B_E06_145615_001;Instantiation;145615;E03_145614;Bestand;ZD.61;Instantiation of - Gesundheit;Gesundheit;;;;;;1931 - ;;Schriftgut;;;;;;
B_E03_151419;RecordSet;B_E06_151419_001;Instantiation;151419;E03_145615;Serie;ZD.61.2;Instantiation of - Gesundheit Kanton Zug;Gesundheit Kanton Zug;;;;;;1949 -;;Schriftgut;;;;;https://geo.ld.admin.ch/boundaries/canton/9;Kanton Zug
B_E03_145642;RecordSet;B_E06_145642_001;Instantiation;145642;E03_151419;Serie;ZD.61.2.111;Instantiation of - Spitäler. Pflegeheime Kt. Zug;Spitäler. Pflegeheime Kt. Zug;;;;;;1955 - ;;Schriftgut;;;;;https://geo.ld.admin.ch/boundaries/canton/9;Kanton Zug
B_E03_145668;RecordSet;B_E06_145668_001;Instantiation;145668;E03_145642;Dossier;ZD.61.2.111_10;Instantiation of - Zuger Kantonsspital;Zuger Kantonsspital;;;;Stichworte: bis Juli 2008: Kantonsspital Zug ehemals Bürgerspital Geburtsklinik Kanton Zug CT Computertomographen Kanton Zug Umnutzung Kantonsspital Zug Zukunft für den Kantonsspital (SVP-Motion 2001) Dr Oscar Weber-Stiftung Zug Kantonsspital Zug: Energiekonzept Kantonsspital Zug: Privatisierung Spitalinitiative lanciert 2009 abgelehnt 2010 Notfallpraxis der Zuger Ärzte;;1955 - ;;Schriftgut;;;;;;
B_E03_145669;RecordSet;B_E06_145669_001;Instantiation;145669;E03_145668;Teildossier;ZD.61.2.111_10.1;Instantiation of - Zuger Kantonsspital (Papierdossier);Zuger Kantonsspital (Papierdossier);;;;Anzahl Dokumente: 1516;Papier (Analog) (analog);1955 - 2020;4.00 Schachteln;Schriftgut;;;;;;
B_E03_145670;RecordSet;B_E06_145670_001;Instantiation;145670;E03_145668;Teildossier;ZD.61.2.111_10.2;Instantiation of - Zuger Kantonsspital (elektronisches Dossier);Zuger Kantonsspital (elektronisches Dossier);;;;;Papier (Born digital) (born digital);2020 - ;;Schriftgut;;;;;;
B_E03_145671;RecordSet;B_E06_145671_001;Instantiation;145671;E03_145642;Dossier;ZD.61.2.111_11;Instantiation of - Zuger Kantonsspital AG;Zuger Kantonsspital AG;;;;Stichworte: bis 2004: Spitalbetriebe Baar-Zug AG Sozialplan Spital Baar KIS Klinikinformationssystem Kanton Zug Fall Zimmermann Fall Edi Müller Knoblauch Rudolf;;1996 - ;;Schriftgut;;;;;;
B_E03_145672;RecordSet;B_E06_145672_001;Instantiation;145672;E03_145671;Teildossier;ZD.61.2.111_11.1;Instantiation of - Zuger Kantonsspital AG (Papierdossier);Zuger Kantonsspital AG (Papierdossier);;;;Anzahl Dokumente: 273;Papier (Analog) (analog);1996 - 2020;1.00 Schachteln;Schriftgut;;;;;;
B_E03_145673;RecordSet;B_E06_145673_001;Instantiation;145673;E03_145671;Teildossier;ZD.61.2.111_11.2;Instantiation of - Zuger Kantonsspital AG (elektronisches Dossier);Zuger Kantonsspital AG (elektronisches Dossier);;;;;Papier (Born digital) (born digital);2020 - ;;Schriftgut;;;;;;
B_E03_145646;RecordSet;B_E06_145646_001;Instantiation;145646;E03_145642;Dossier;ZD.61.2.111_2;Instantiation of - Klinik Adelheid AG Unterägeri;Klinik Adelheid AG Unterägeri;;;;Stichworte: Zuger Höhenklinik Adelheid Unterägeri ;;1969 - ;;Schriftgut;;;;;https://geo.ld.admin.ch/boundaries/municipality/1709;Unterägeri
B_E03_145647;RecordSet;B_E06_145647_001;Instantiation;145647;E03_145673;Teildossier;ZD.61.2.111_2.1;Instantiation of - Klinik Adelheid AG Unterägeri (Papierdossier);Klinik Adelheid AG Unterägeri (Papierdossier);;;;Anzahl Dokumente: 184;Papier (Analog) (analog);1969 - 2020;1.00 Schachteln;Schriftgut;;;;;https://geo.ld.admin.ch/boundaries/municipality/1709;Unterägeri
B_E03_222007;RecordSet;B_E06_222007_001;Instantiation;222007;E03_145673;Einzelstück;ZD.61.2.111_2.2;"Instantiation of - ""Wir lassen die Leute dort arbeiten wo sie wollen"" (Zuger Zeitung)";"""Wir lassen die Leute dort arbeiten wo sie wollen"" (Zuger Zeitung)";http://example.org/base/Zuger Zeitung;CorporateBody;Zuger Zeitung; Ausgabe: 262 Seite: 20  Kilian Küttel;;12.11.2020;;Schriftgut;http://example.org/base/Kilian Küttel;Person;Kilian Küttel;;https://geo.ld.admin.ch/boundaries/municipality/1709;Unterägeri
B_E03_317014;RecordSet;B_E06_317014_001;Instantiation;317014;E03_145673;Einzelstück;ZD.61.2.111_2.2;Instantiation of - Adelheid ist beste Arbeitgeberin (Zuger Presse);Adelheid ist beste Arbeitgeberin (Zuger Presse);http://example.org/base/Zuger Presse;CorporateBody;Zuger Presse;" Ausgabe: 47 Seite: 2 Untertitel: Die Rehaklinik Adelheid ist 2020 zur besten Arbeitgeberin in der Kategorie ""250 bis 999 Mitarbeitende"" gewählt worden. Die Klinik gewinnt die begehrte Auszeichnung bereits zum zweiten Mal.  (red.)";;07.12.2020;;Schriftgut;;;;;https://geo.ld.admin.ch/boundaries/municipality/1709;Unterägeri
B_E03_145648;RecordSet;B_E06_145648_001;Instantiation;145648;E03_145673;Teildossier;ZD.61.2.111_2.2;Instantiation of - Klinik Adelheid AG Unterägeri (elektronisches Dossier);Klinik Adelheid AG Unterägeri (elektronisches Dossier);;;;;Papier (Born digital) (born digital);2020 - ;;Schriftgut;;;;;https://geo.ld.admin.ch/boundaries/municipality/1709;Unterägeri
B_E03_146513;RecordSet;B_E06_146513_001;Instantiation;146513;E03_140000;Bestand;ZD.7;Instantiation of - Kultur. Medien. Sport;Kultur. Medien. Sport;;;;;;1866 - ;;Schriftgut;;;;;;
B_E03_146514;RecordSet;B_E06_146514_001;Instantiation;146514;E03_146513;Bestand;ZD.71;Instantiation of - Bildung. Forschung;Bildung. Forschung;;;;;;1866 - ;;Schriftgut;;;;;;
B_E03_151443;RecordSet;B_E06_151443_001;Instantiation;151443;E03_146514;Serie;ZD.71.2;Instantiation of - Bildung. Forschung Kanton Zug;Bildung. Forschung Kanton Zug;;;;;;1866 - ;;Schriftgut;;;;;https://geo.ld.admin.ch/boundaries/canton/9;Kanton Zug
B_E03_146686;RecordSet;B_E06_146686_001;Instantiation;146686;E03_151443;Serie;ZD.71.2.120;Instantiation of - Bibliotheken. Bildungshäuser Kt. Zug;Bibliotheken. Bildungshäuser Kt. Zug;;;;;;1968 - ;;Schriftgut;;;;;https://geo.ld.admin.ch/boundaries/canton/9;Kanton Zug
B_E03_146670;RecordSet;B_E06_146670_001;Instantiation;146670;E03_146686;Dossier;ZD.71.2.120_1;Instantiation of - Bibliothek Zug;Bibliothek Zug;;;;Stichworte:  Stadt- und Kantonsbibliothek Zug 1986 - 2011  Stadtbibliothek Zug  Leitung Biblikothek: Leuze Jasmin 2021 - ;;Undatiert;;Schriftgut;;;;;https://geo.ld.admin.ch/location/address/101239133; St.-Oswalds-Gasse 21
B_E03_146671;RecordSet;B_E06_146671_001;Instantiation;146671;E03_146670;Teildossier;ZD.71.2.120_1.1;Instantiation of - Bibliothek Zug (Papierdossier);Bibliothek Zug (Papierdossier);;;;Anzahl Dokumente: 583;Papier (Analog) (analog);1968 - 2020;1.00 Schachteln;Schriftgut;;;;;https://geo.ld.admin.ch/location/address/101239133; St.-Oswalds-Gasse 21
B_E03_321825;RecordSet;B_E06_321825_001;Instantiation;321825;E03_146670;Einzelstück;ZD.71.2.120_1.2;Instantiation of - Auf Stierli folgt Odermatt (Zuger Presse);Auf Stierli folgt Odermatt (Zuger Presse);http://example.org/base/Zuger Presse;CorporateBody;Zuger Presse; Ausgabe: 8 Seite: 5  Alina Rütti;;23.02.2021;;Schriftgut;http://example.org/base/Alina Rütti;Person;Alina Rütti;;https://geo.ld.admin.ch/location/address/101239133; St.-Oswalds-Gasse 21
B_E03_336484;RecordSet;B_E06_336484_001;Instantiation;336484;E03_146670;Einzelstück;ZD.71.2.120_1.2;Instantiation of - Kurzfilm zur Zuger Dokumentation (Zuger Presse);Kurzfilm zur Zuger Dokumentation (Zuger Presse);http://example.org/base/Zuger Presse;CorporateBody;Zuger Presse; Ausgabe: 41 Seite: 13  Claudia Schneider;;12.10.2021;;Schriftgut;http://example.org/base/Claudia Schneider;Person;Claudia Schneider;;https://geo.ld.admin.ch/location/address/101239133; St.-Oswalds-Gasse 21
B_E03_221479;RecordSet;B_E06_221479_001;Instantiation;221479;E03_146670;Einzelstück;ZD.71.2.120_1.2;Instantiation of - Enorme Zunahme bei den digitalen Medien (Zuger Zeitung);Enorme Zunahme bei den digitalen Medien (Zuger Zeitung);http://example.org/base/Zuger Zeitung;CorporateBody;Zuger Zeitung; Ausgabe: Nr. 67 Seite: 17 Untertitel: Die Bilanz der Bibliothek Zug für das Jahr 2020 ist in manchen Bereichen von der Covid-19-Pandemie beeinflusst worden.  Fabian Gubser;;22.03.2021;;Schriftgut;http://example.org/base/Fabian Gubser;Person;Fabian Gubser;;https://geo.ld.admin.ch/location/address/101239133; St.-Oswalds-Gasse 21
B_E03_334457;RecordSet;B_E06_334457_001;Instantiation;334457;E03_146670;Einzelstück;ZD.71.2.120_1.2;Instantiation of - Bibliothek neu dokumentiert (Zuger Zeitung);Bibliothek neu dokumentiert (Zuger Zeitung);http://example.org/base/Zuger Zeitung;CorporateBody;Zuger Zeitung; Ausgabe: 237 Seite: 19  Harry Ziegler;;12.10.2021;;Schriftgut;http://example.org/base/Harry Ziegler;Person;Harry Ziegler;;https://geo.ld.admin.ch/location/address/101239133; St.-Oswalds-Gasse 21
B_E03_334429;RecordSet;B_E06_334429_001;Instantiation;334429;E03_146670;Einzelstück;ZD.71.2.120_1.2;Instantiation of - Das Geld steht im Mittelpunkt (Zuger Zeitung);Das Geld steht im Mittelpunkt (Zuger Zeitung);http://example.org/base/Zuger Zeitung;CorporateBody;Zuger Zeitung;" Ausgabe: 236 Seite: 16 Untertitel: Die Bibliothek Zug hat ihre Reihe ""Money Talk"" mit dem Thema Kryptowährungen gestartet.  Lilo Sterki";;11.10.2021;;Schriftgut;http://example.org/base/Lilo Sterki;Person;Lilo Sterki;;https://geo.ld.admin.ch/location/address/101239133; St.-Oswalds-Gasse 21
B_E03_314253;RecordSet;B_E06_314253_001;Instantiation;314253;E03_146670;Einzelstück;ZD.71.2.120_1.2;Instantiation of - Sie hat die Bibliothek fit gemacht (Zuger Zeitung);Sie hat die Bibliothek fit gemacht (Zuger Zeitung);http://example.org/base/Zuger Zeitung;CorporateBody;Zuger Zeitung; Ausgabe: 179 Seite: 19 Untertitel: Das Anpacken und das Verändern liegt Pia Rutishauser im Blut. Die Bibliothek Zug hat davon profitiert. Kürzlich ist die gebürtige Bündnerin in Pension gegangen und verzichtet vorderhand auf einen klar strukturierten Plan für ihre Lebensgestaltung.  Marco Morosoli;;05.08.2021;;Schriftgut;http://example.org/base/Marco Morosoli;Person;Marco Morosoli;;https://geo.ld.admin.ch/location/address/101239133; St.-Oswalds-Gasse 21
B_E03_221797;RecordSet;B_E06_221797_001;Instantiation;221797;E03_146670;Einzelstück;ZD.71.2.120_1.2;Instantiation of - Wie 20 Tonnen Dokumente in die Bibliothek Zug gehievt werden (Zentralplus);Wie 20 Tonnen Dokumente in die Bibliothek Zug gehievt werden (Zentralplus);https://www.wikidata.org/wiki/Q58740011;CorporateBody;Zentralplus;;;13.11.2020;;Schriftgut;http://example.org/base/Markus Mathis;Person;Markus Mathis;;https://geo.ld.admin.ch/location/address/101239133; St.-Oswalds-Gasse 21
B_E03_321205;RecordSet;B_E06_321205_001;Instantiation;321205;E03_146670;Einzelstück;ZD.71.2.120_1.2;Instantiation of - Bibliotheken bleiben offen (Zuger Presse);Bibliotheken bleiben offen (Zuger Presse);http://example.org/base/Zuger Presse;CorporateBody;Zuger Presse; Ausgabe: 4 Seite: 3;;26.01.2021;;Schriftgut;;;;;https://geo.ld.admin.ch/location/address/101239133; St.-Oswalds-Gasse 21
B_E03_146672;RecordSet;B_E06_146672_001;Instantiation;146672;E03_146670;Teildossier;ZD.71.2.120_1.2;Instantiation of - Bibliothek Zug (elektronisches Dossier);Bibliothek Zug (elektronisches Dossier);;;;;Papier (Born digital) (born digital);2020 - ;;Schriftgut;;;;;https://geo.ld.admin.ch/location/address/101239133; St.-Oswalds-Gasse 21
B_E03_313973;RecordSet;B_E06_313973_001;Instantiation;313973;E03_146670;Einzelstück;ZD.71.2.120_1.2;Instantiation of - Bibliothek Zug gewährt Einblick (Zuger Zeitung);Bibliothek Zug gewährt Einblick (Zuger Zeitung);http://example.org/base/Zuger Zeitung;CorporateBody;Zuger Zeitung; Ausgabe: 174 Seite: 23 ;;30.07.2021;;Schriftgut;;;;;https://geo.ld.admin.ch/location/address/101239133; St.-Oswalds-Gasse 21
B_E03_146800;RecordSet;B_E06_146800_001;Instantiation;146800;E03_146513;Bestand;ZD.72;Instantiation of - Kultur;Kultur;;;;;;1927 - ;;Schriftgut;;;;;;
B_E03_151448;RecordSet;B_E06_151448_001;Instantiation;151448;E03_146800;Serie;ZD.72.2;Instantiation of - Kultur Kanton Zug;Kultur Kanton Zug;;;;;;1935 - ;;Schriftgut;;;;;;
B_E03_146910;RecordSet;B_E06_146910_001;Instantiation;146910;E03_151448;Serie;ZD.72.2.160;Instantiation of - Kulturräume Kt. Zug;Kulturräume Kt. Zug;;;;;;1954 - ;;Schriftgut;;;;;;
B_E03_314730;RecordSet;B_E06_314730_001;Instantiation;314730;E03_146910;Einzelstück;ZD.72.2.160_5.2;Instantiation of - Eine Handprothese aus dem 3D-Drucker (Zuger Zeitung);Eine Handprothese aus dem 3D-Drucker (Zuger Zeitung);http://example.org/base/Zuger Zeitung;CorporateBody;Zuger Zeitung; Ausgabe: 248 Seite: 25 Untertitel: Das Fablab Zug lädt zur ersten Werkschau ein. Zu entdecken gibt es allerlei Erfindungen sowie Kunst aus Stoffund Plexiglas.  Cornelia Bisch;;27.10.2020;;Schriftgut;http://example.org/base/Cornelia Bisch;Person;Cornelia Bisch;;;
B_E03_146929;RecordSet;B_E06_146929_001;Instantiation;146929;E03_146910;Dossier;ZD.72.2.160_7;Instantiation of - Theater Casino Zug;Theater Casino Zug;;;;Stichworte: TMGZ Theater- und Musikgesellschaft Zug Stiftung Theater Casino Zug Züfle Manfred: Die Werbung oder Margarete und der schwarze Toni;;Undatiert;;Schriftgut;;;;;https://geo.ld.admin.ch/location/address/100293767;TheaterCasinoZug
B_E03_146930;RecordSet;B_E06_146930_001;Instantiation;146930;E03_146910;Teildossier;ZD.72.2.160_7.1;Instantiation of - Theater Casino Zug (Papierdossier);Theater Casino Zug (Papierdossier);;;;Anzahl Dokumente: 1798;Papier (Analog) (analog);1954 - 2020;6.00 Schachteln;Schriftgut;;;;;https://geo.ld.admin.ch/location/address/100293767;TheaterCasinoZug
B_E03_220583;RecordSet;B_E06_220583_001;Instantiation;220583;E03_146910;Einzelstück;ZD.72.2.160_7.2;Instantiation of - Theater Casino: Katrin Kolo geht (Zuger Zeitung);Theater Casino: Katrin Kolo geht (Zuger Zeitung);http://example.org/base/Zuger Zeitung;CorporateBody;Zuger Zeitung; Ausgabe: 52 Seite: 19 Untertitel: Die Zukunftsvorstellungen der Intendantin und des Vorstands gehen auseinander. Die Nachfolge ist noch unklar.  Andreas Faessler;;04.03.2021;;Schriftgut;http://example.org/base/Andreas Faessler;Person;Andreas Faessler;;https://geo.ld.admin.ch/location/address/100293767;TheaterCasinoZug
B_E03_316742;RecordSet;B_E06_316742_001;Instantiation;316742;E03_146910;Einzelstück;ZD.72.2.160_7.2;Instantiation of - Grosse Erwartungen an das Theater Casino (Zuger Zeitung);Grosse Erwartungen an das Theater Casino (Zuger Zeitung);http://example.org/base/Zuger Zeitung;CorporateBody;Zuger Zeitung; Ausgabe: 194 Seite: 15 Untertitel: Das Zuger Kulturhaus am See befindet sich in einer Sondersituation – nicht nur wegen der Pandemie sondern auch wegen eines fragwürdigen Personalentscheides im vergangenen Frühjahr.  Andreas Faessler;;22.08.2021;;Schriftgut;http://example.org/base/Andreas Faessler;Person;Andreas Faessler;;https://geo.ld.admin.ch/location/address/100293767;TheaterCasinoZug
B_E03_221993;RecordSet;B_E06_221993_001;Instantiation;221993;E03_146910;Einzelstück;ZD.72.2.160_7.2;Instantiation of - Reduzierte Weiterführung des Betriebs im Theater Casino (Zuger Zeitung);Reduzierte Weiterführung des Betriebs im Theater Casino (Zuger Zeitung);http://example.org/base/Zuger Zeitung;CorporateBody;Zuger Zeitung; Ausgabe: 263 Seite: 22 Untertitel: Die Einschränkungen sollen ab Dezember bis und mit Februar 2021 gelten.  Harry Ziegler;;13.11.2020;;Schriftgut;http://example.org/base/Harry Ziegler;Person;Harry Ziegler;;https://geo.ld.admin.ch/location/address/100293767;TheaterCasinoZug
B_E03_322101;RecordSet;B_E06_322101_001;Instantiation;322101;E03_146910;Einzelstück;ZD.72.2.160_7.2;Instantiation of - Von der Sehnsucht nach Erfüllung (Zuger Zeitung);Von der Sehnsucht nach Erfüllung (Zuger Zeitung);http://example.org/base/Zuger Zeitung;CorporateBody;Zuger Zeitung;" Ausgabe: 124 Seite: 18 Untertitel: Die Konzertcollage ""Meine Güte"" im Theater Casino Zug setzte sich mit Konsum Geld und Macht auseinander.  Haymo Empl";;01.06.2021;;Schriftgut;http://example.org/base/Haymo Empl;Person;Haymo Empl;;https://geo.ld.admin.ch/location/address/100293767;TheaterCasinoZug
B_E03_320487;RecordSet;B_E06_320487_001;Instantiation;320487;E03_146910;Einzelstück;ZD.72.2.160_7.2;Instantiation of - Verheissungsvolles Programm steht noch auf wackligen Beinen (Zuger Zeitung);Verheissungsvolles Programm steht noch auf wackligen Beinen (Zuger Zeitung);http://example.org/base/Zuger Zeitung;CorporateBody;Zuger Zeitung; Ausgabe: 204 Seite: 23 Untertitel: Die aktuelle Saison der Theater- und Musikgesellschaft Zug ist eröffnet. Ihr geplantes Kulturprogramm beinhaltet 60 Produktionen.  Martin Mühlebach;;03.09.2021;;Schriftgut;http://example.org/base/Martin Mühlebach;Person;Martin Mühlebach;;https://geo.ld.admin.ch/location/address/100293767;TheaterCasinoZug
B_E03_321385;RecordSet;B_E06_321385_001;Instantiation;321385;E03_146910;Einzelstück;ZD.72.2.160_7.2;"Instantiation of - ""Das kommt nicht überraschend"" / Hoffnung auf die Impfquote (Zuger Zeitung)";"""Das kommt nicht überraschend"" / Hoffnung auf die Impfquote (Zuger Zeitung)";http://example.org/base/Zuger Zeitung;CorporateBody;Zuger Zeitung; Ausgabe: 209 Seite: 20 Untertitel: Ab Montag gilt in weiten Teilen des öffentlichen Lebens Zertifikatspflicht. Das sagen Zuger Akteure dazu.  Oliver Julier Linda Leuenberger;;09.09.2021;;Schriftgut;http://example.org/base/Oliver Julier Linda Leuenberger;Person;Oliver Julier Linda Leuenberger;;https://geo.ld.admin.ch/location/address/100293767;TheaterCasinoZug
B_E03_146931;RecordSet;B_E06_146931_001;Instantiation;146931;E03_146910;Teildossier;ZD.72.2.160_7.2;Instantiation of - Theater Casino Zug (elektronisches Dossier);Theater Casino Zug (elektronisches Dossier);;;;;Papier (Born digital) (born digital);2020 - ;;Schriftgut;;;;;https://geo.ld.admin.ch/location/address/100293767;TheaterCasinoZug
